test_id,PM2.5,PM10,O3
aotizhongxin_aq#0,118.312865,229.615789,68.326316
aotizhongxin_aq#1,44.119591,126.363158,75.426316
aotizhongxin_aq#2,19.400000,65.644444,84.700000
aotizhongxin_aq#3,37.915789,79.700000,112.236842
aotizhongxin_aq#4,43.442105,92.694444,133.888889
aotizhongxin_aq#5,133.363158,355.268421,115.100000
aotizhongxin_aq#6,32.000000,69.100000,119.800000
aotizhongxin_aq#7,18.400000,55.667391,119.100000
aotizhongxin_aq#8,29.800000,62.200000,113.600000
aotizhongxin_aq#9,20.300000,48.255518,107.000000
aotizhongxin_aq#10,26.800000,62.779692,116.000000
aotizhongxin_aq#11,23.200000,41.613143,104.500000
aotizhongxin_aq#12,71.100000,153.100000,99.300000
aotizhongxin_aq#13,131.700000,355.800000,98.500000
aotizhongxin_aq#14,132.900000,367.300000,102.700000
aotizhongxin_aq#15,133.800000,368.600000,97.700000
aotizhongxin_aq#16,141.100000,326.000000,67.900000
aotizhongxin_aq#17,104.700000,242.200000,62.000000
aotizhongxin_aq#18,103.100000,222.600000,60.300000
aotizhongxin_aq#19,100.700000,231.400000,70.700000
aotizhongxin_aq#20,117.400000,308.600000,63.500000
aotizhongxin_aq#21,58.411111,153.594444,63.266667
aotizhongxin_aq#22,49.600000,139.200000,56.500000
aotizhongxin_aq#23,32.200000,101.100000,26.500000
aotizhongxin_aq#24,38.400000,119.300000,46.300000
aotizhongxin_aq#25,25.800000,90.100000,67.200000
aotizhongxin_aq#26,122.000000,352.982979,78.400000
aotizhongxin_aq#27,139.000000,457.600000,97.000000
aotizhongxin_aq#28,108.000000,290.000000,99.800000
aotizhongxin_aq#29,93.300000,283.323529,112.500000
aotizhongxin_aq#30,91.700000,225.900000,94.400000
aotizhongxin_aq#31,36.400000,95.200000,130.400000
aotizhongxin_aq#32,225.600000,548.500000,93.800000
aotizhongxin_aq#33,162.200000,530.600000,104.500000
aotizhongxin_aq#34,29.000000,75.100000,126.600000
aotizhongxin_aq#35,78.900000,253.989474,121.500000
aotizhongxin_aq#36,117.700000,253.100000,116.700000
aotizhongxin_aq#37,112.500000,247.700000,95.600000
aotizhongxin_aq#38,69.300000,169.700000,93.600000
aotizhongxin_aq#39,26.100000,79.700000,113.100000
aotizhongxin_aq#40,108.600000,237.300000,89.000000
aotizhongxin_aq#41,107.300000,226.500000,89.800000
aotizhongxin_aq#42,108.700000,237.000000,80.700000
aotizhongxin_aq#43,108.700000,237.000000,80.700000
aotizhongxin_aq#44,116.600000,248.600000,88.800000
aotizhongxin_aq#45,146.800000,334.400000,86.100000
aotizhongxin_aq#46,126.600000,289.800000,80.000000
aotizhongxin_aq#47,143.400000,347.200000,87.400000
badaling_aq#0,32.377778,115.070588,83.938889
badaling_aq#1,27.900000,66.500000,73.000000
badaling_aq#2,50.000000,84.300000,107.200000
badaling_aq#3,29.500000,96.544444,103.600000
badaling_aq#4,26.800000,101.800000,115.900000
badaling_aq#5,57.700000,206.102222,113.300000
badaling_aq#6,22.182456,81.949371,104.464912
badaling_aq#7,23.000000,72.926667,118.500000
badaling_aq#8,34.900000,113.256522,111.600000
badaling_aq#9,25.600000,90.782353,97.000000
badaling_aq#10,30.500000,65.976130,113.700000
badaling_aq#11,41.100000,76.630667,99.800000
badaling_aq#12,41.300000,100.143556,85.400000
badaling_aq#13,66.300000,188.300000,105.500000
badaling_aq#14,62.000000,186.122222,87.500000
badaling_aq#15,63.800000,180.600000,91.000000
badaling_aq#16,91.900000,281.119608,67.500000
badaling_aq#17,105.500000,272.677778,101.300000
badaling_aq#18,102.300000,267.777778,89.900000
badaling_aq#19,136.100000,285.752941,102.500000
badaling_aq#20,124.600000,265.900000,92.400000
badaling_aq#21,220.200000,501.300000,67.300000
badaling_aq#22,309.400000,664.600000,75.700000
badaling_aq#23,140.900000,342.600000,80.800000
badaling_aq#24,35.100000,131.642553,76.100000
badaling_aq#25,42.400000,154.000000,96.700000
badaling_aq#26,35.500000,66.000000,98.500000
badaling_aq#27,28.400000,89.300000,102.200000
badaling_aq#28,49.700000,163.366667,110.100000
badaling_aq#29,49.600000,177.747059,119.300000
badaling_aq#30,20.700000,67.883333,104.900000
badaling_aq#31,86.811111,222.288889,104.400000
badaling_aq#32,53.300000,164.283333,103.000000
badaling_aq#33,24.700000,76.683333,121.800000
badaling_aq#34,18.300000,55.900000,106.600000
badaling_aq#35,29.500000,89.823067,138.000000
badaling_aq#36,22.400000,85.500000,142.400000
badaling_aq#37,110.600000,312.600000,95.800000
badaling_aq#38,122.900000,326.400000,96.100000
badaling_aq#39,80.500000,241.200000,92.400000
badaling_aq#40,115.500000,309.200000,85.300000
badaling_aq#41,114.800000,303.700000,83.100000
badaling_aq#42,128.400000,317.400000,79.200000
badaling_aq#43,165.600000,405.300000,79.000000
badaling_aq#44,130.400000,410.300000,77.900000
badaling_aq#45,186.200000,473.300000,80.600000
badaling_aq#46,192.500000,468.800000,75.100000
badaling_aq#47,160.900000,455.500000,79.700000
beibuxinqu_aq#0,52.757895,168.355556,73.231579
beibuxinqu_aq#1,33.661111,161.015497,78.884211
beibuxinqu_aq#2,23.200000,48.900000,74.000000
beibuxinqu_aq#3,19.880702,45.462000,92.363158
beibuxinqu_aq#4,28.600000,92.450000,103.000000
beibuxinqu_aq#5,46.500000,130.794118,111.400000
beibuxinqu_aq#6,39.105263,134.278947,109.268421
beibuxinqu_aq#7,124.515789,293.984211,92.989474
beibuxinqu_aq#8,35.800000,94.214286,110.400000
beibuxinqu_aq#9,19.500000,43.070286,111.340000
beibuxinqu_aq#10,23.400000,63.061363,117.500000
beibuxinqu_aq#11,15.900000,42.517143,112.300000
beibuxinqu_aq#12,55.600000,124.000000,100.000000
beibuxinqu_aq#13,51.500000,130.300000,105.800000
beibuxinqu_aq#14,124.900000,285.900000,101.800000
beibuxinqu_aq#15,143.600000,310.000000,97.900000
beibuxinqu_aq#16,126.200000,308.500000,88.100000
beibuxinqu_aq#17,113.700000,241.200000,76.100000
beibuxinqu_aq#18,166.800000,296.100000,81.500000
beibuxinqu_aq#19,77.600000,156.200000,80.600000
beibuxinqu_aq#20,50.000000,117.600000,84.800000
beibuxinqu_aq#21,47.100000,152.920000,74.400000
beibuxinqu_aq#22,98.000000,249.500000,52.100000
beibuxinqu_aq#23,87.400000,181.200000,41.400000
beibuxinqu_aq#24,20.700000,103.000000,71.200000
beibuxinqu_aq#25,25.800000,78.700000,67.900000
beibuxinqu_aq#26,17.900000,70.100000,70.800000
beibuxinqu_aq#27,98.900000,360.200000,97.300000
beibuxinqu_aq#28,67.800000,165.700000,106.400000
beibuxinqu_aq#29,27.400000,133.136364,107.600000
beibuxinqu_aq#30,31.990000,117.289474,112.965000
beibuxinqu_aq#31,35.900000,226.400000,123.500000
beibuxinqu_aq#32,147.110526,496.305263,110.421053
beibuxinqu_aq#33,15.400000,61.865306,111.900000
beibuxinqu_aq#34,82.200000,164.200000,108.800000
beibuxinqu_aq#35,24.800000,67.894443,123.700000
beibuxinqu_aq#36,25.700000,64.400000,102.600000
beibuxinqu_aq#37,14.500000,47.496154,81.200000
beibuxinqu_aq#38,19.900000,42.000000,94.700000
beibuxinqu_aq#39,51.200000,148.200000,94.900000
beibuxinqu_aq#40,74.300000,156.700000,80.100000
beibuxinqu_aq#41,70.300000,128.800000,83.100000
beibuxinqu_aq#42,70.000000,127.100000,82.800000
beibuxinqu_aq#43,71.600000,128.400000,81.300000
beibuxinqu_aq#44,71.900000,128.900000,80.900000
beibuxinqu_aq#45,69.500000,134.600000,74.200000
beibuxinqu_aq#46,76.300000,194.700000,79.900000
beibuxinqu_aq#47,54.000000,217.900000,81.400000
daxing_aq#0,86.500000,190.276471,68.500000
daxing_aq#1,114.926316,186.097917,73.547368
daxing_aq#2,20.000000,71.644652,81.600000
daxing_aq#3,32.100000,88.700000,97.400000
daxing_aq#4,24.700000,58.900000,106.400000
daxing_aq#5,35.573684,70.448627,117.695000
daxing_aq#6,55.900000,146.500000,100.800000
daxing_aq#7,31.121818,73.060377,104.196364
daxing_aq#8,23.900000,71.234000,161.100000
daxing_aq#9,27.500000,69.299697,96.100000
daxing_aq#10,49.300000,171.293572,91.700000
daxing_aq#11,45.700000,184.280027,93.300000
daxing_aq#12,57.800000,183.066000,92.300000
daxing_aq#13,138.600000,334.700000,92.900000
daxing_aq#14,136.600000,330.500000,91.100000
daxing_aq#15,136.600000,330.500000,91.100000
daxing_aq#16,136.600000,330.500000,91.100000
daxing_aq#17,138.700000,324.300000,87.200000
daxing_aq#18,140.100000,330.000000,81.300000
daxing_aq#19,141.700000,329.600000,80.200000
daxing_aq#20,90.600000,204.800000,66.800000
daxing_aq#21,172.300000,434.200000,76.500000
daxing_aq#22,148.227778,345.027778,65.216667
daxing_aq#23,14.800000,42.600000,59.900000
daxing_aq#24,228.400000,480.000000,71.400000
daxing_aq#25,125.400000,270.105042,74.800000
daxing_aq#26,156.300000,344.900000,86.700000
daxing_aq#27,169.700000,557.800000,90.100000
daxing_aq#28,154.200000,360.200000,95.700000
daxing_aq#29,28.800000,55.000000,114.000000
daxing_aq#30,28.100000,52.800000,114.900000
daxing_aq#31,49.400000,94.500000,123.100000
daxing_aq#32,125.600000,399.400000,108.500000
daxing_aq#33,143.800000,443.235714,104.300000
daxing_aq#34,153.500000,350.000000,123.500000
daxing_aq#35,66.300000,150.669474,124.200000
daxing_aq#36,26.500000,67.700000,100.900000
daxing_aq#37,27.300000,63.500000,101.400000
daxing_aq#38,26.900000,68.400000,103.600000
daxing_aq#39,52.500000,152.500000,88.600000
daxing_aq#40,25.200000,43.600000,79.500000
daxing_aq#41,26.900000,65.100000,86.300000
daxing_aq#42,25.000000,75.400000,76.400000
daxing_aq#43,28.300000,81.600000,66.600000
daxing_aq#44,24.700000,71.000000,73.800000
daxing_aq#45,17.700000,68.300000,69.200000
daxing_aq#46,68.100000,178.600000,67.300000
daxing_aq#47,45.700000,124.500000,56.100000
dingling_aq#0,36.300000,90.000000,76.500000
dingling_aq#1,21.500000,54.241481,77.700000
dingling_aq#2,15.100000,43.596154,80.600000
dingling_aq#3,14.500000,51.510737,89.200000
dingling_aq#4,19.100000,69.649808,94.400000
dingling_aq#5,16.400000,30.800000,100.300000
dingling_aq#6,17.200000,35.800000,99.000000
dingling_aq#7,19.400000,55.100000,109.700000
dingling_aq#8,10.400000,25.640000,101.300000
dingling_aq#9,11.200000,31.400000,106.600000
dingling_aq#10,12.700000,27.788000,101.600000
dingling_aq#11,12.600000,36.735745,93.000000
dingling_aq#12,51.400000,215.520833,101.600000
dingling_aq#13,68.400000,236.700000,104.000000
dingling_aq#14,131.900000,326.300000,106.300000
dingling_aq#15,45.800000,154.500000,116.900000
dingling_aq#16,95.300000,234.800000,106.300000
dingling_aq#17,52.800000,79.900000,99.100000
dingling_aq#18,49.600000,75.900000,90.700000
dingling_aq#19,50.600000,79.100000,96.000000
dingling_aq#20,37.300000,57.800000,69.600000
dingling_aq#21,79.500000,187.200000,59.500000
dingling_aq#22,63.300000,133.900000,71.200000
dingling_aq#23,74.300000,207.500000,77.800000
dingling_aq#24,26.300000,91.900000,84.100000
dingling_aq#25,21.500000,71.951154,86.400000
dingling_aq#26,26.700000,49.191629,92.600000
dingling_aq#27,25.300000,73.429412,95.100000
dingling_aq#28,101.500000,356.700000,108.600000
dingling_aq#29,20.700000,78.384694,106.600000
dingling_aq#30,19.500000,85.434694,105.700000
dingling_aq#31,15.400000,45.003704,120.600000
dingling_aq#32,17.200000,37.400000,111.500000
dingling_aq#33,23.600000,38.800000,107.200000
dingling_aq#34,13.200000,44.237300,102.900000
dingling_aq#35,13.300000,49.089474,95.500000
dingling_aq#36,26.400000,60.600000,100.500000
dingling_aq#37,27.600000,73.600000,106.700000
dingling_aq#38,25.300000,62.000000,108.100000
dingling_aq#39,62.600000,166.600000,103.200000
dingling_aq#40,27.200000,58.600000,86.400000
dingling_aq#41,26.500000,56.300000,88.400000
dingling_aq#42,25.400000,58.800000,84.500000
dingling_aq#43,28.300000,61.100000,84.000000
dingling_aq#44,26.900000,51.700000,79.200000
dingling_aq#45,17.100000,44.100000,73.300000
dingling_aq#46,22.000000,60.300000,70.700000
dingling_aq#47,56.500000,153.800000,84.000000
donggaocun_aq#0,59.300000,178.976190,79.300000
donggaocun_aq#1,22.500000,54.856381,74.700000
donggaocun_aq#2,21.100000,45.821308,84.400000
donggaocun_aq#3,23.100000,51.263785,96.900000
donggaocun_aq#4,34.300000,78.318136,113.400000
donggaocun_aq#5,24.900000,49.701218,107.900000
donggaocun_aq#6,24.600000,65.200000,123.800000
donggaocun_aq#7,17.600000,56.819194,109.700000
donggaocun_aq#8,30.600000,61.400000,115.900000
donggaocun_aq#9,30.790000,62.533846,90.415000
donggaocun_aq#10,48.300000,170.241953,90.400000
donggaocun_aq#11,47.900000,167.629953,90.900000
donggaocun_aq#12,42.000000,163.726891,132.100000
donggaocun_aq#13,46.000000,153.541176,101.600000
donggaocun_aq#14,85.000000,249.100000,81.200000
donggaocun_aq#15,107.100000,337.400000,85.300000
donggaocun_aq#16,139.200000,355.700000,86.600000
donggaocun_aq#17,129.700000,391.800000,87.000000
donggaocun_aq#18,132.100000,396.700000,74.600000
donggaocun_aq#19,103.600000,397.700000,70.700000
donggaocun_aq#20,76.500000,335.600000,69.600000
donggaocun_aq#21,91.900000,254.100000,78.900000
donggaocun_aq#22,119.400000,338.500000,75.600000
donggaocun_aq#23,91.100000,220.400000,79.900000
donggaocun_aq#24,37.300000,67.176190,73.600000
donggaocun_aq#25,55.400000,149.342857,78.400000
donggaocun_aq#26,19.000000,97.946154,88.800000
donggaocun_aq#27,14.200000,26.600000,94.200000
donggaocun_aq#28,21.000000,52.715385,100.700000
donggaocun_aq#29,70.300000,150.804858,104.200000
donggaocun_aq#30,14.500000,64.231579,99.400000
donggaocun_aq#31,19.900000,74.800000,96.300000
donggaocun_aq#32,20.200000,56.430435,98.100000
donggaocun_aq#33,13.000000,31.823810,101.200000
donggaocun_aq#34,13.200000,44.513283,106.900000
donggaocun_aq#35,21.500000,61.359759,119.300000
donggaocun_aq#36,16.300000,42.400000,88.400000
donggaocun_aq#37,20.600000,52.700000,113.500000
donggaocun_aq#38,54.100000,154.000000,94.600000
donggaocun_aq#39,53.500000,146.000000,103.400000
donggaocun_aq#40,86.000000,245.800000,80.700000
donggaocun_aq#41,83.300000,252.500000,88.000000
donggaocun_aq#42,90.300000,253.800000,80.400000
donggaocun_aq#43,92.600000,245.600000,77.800000
donggaocun_aq#44,89.300000,250.300000,81.100000
donggaocun_aq#45,167.800000,356.800000,79.700000
donggaocun_aq#46,85.900000,298.520000,79.700000
donggaocun_aq#47,118.200000,323.500000,78.500000
dongsi_aq#0,159.573684,295.678947,78.626316
dongsi_aq#1,48.935380,102.042105,78.126316
dongsi_aq#2,17.300000,66.044444,82.900000
dongsi_aq#3,23.300000,72.500000,85.100000
dongsi_aq#4,21.100000,56.700000,112.100000
dongsi_aq#5,30.300000,66.000000,116.600000
dongsi_aq#6,31.100000,65.400000,114.500000
dongsi_aq#7,25.100000,76.600000,116.900000
dongsi_aq#8,28.000000,56.887500,116.400000
dongsi_aq#9,22.300000,52.818527,93.700000
dongsi_aq#10,32.500000,55.129194,98.800000
dongsi_aq#11,29.700000,54.060286,83.800000
dongsi_aq#12,53.400000,166.585714,94.200000
dongsi_aq#13,52.200000,183.000000,92.600000
dongsi_aq#14,94.900000,240.700000,87.900000
dongsi_aq#15,81.200000,148.500000,79.800000
dongsi_aq#16,83.600000,186.700000,76.800000
dongsi_aq#17,94.200000,159.400000,74.200000
dongsi_aq#18,83.000000,175.100000,67.500000
dongsi_aq#19,82.900000,175.000000,62.200000
dongsi_aq#20,102.200000,257.600000,60.500000
dongsi_aq#21,123.000000,315.620000,58.300000
dongsi_aq#22,15.500000,57.700000,53.400000
dongsi_aq#23,42.300000,181.700000,45.600000
dongsi_aq#24,54.400000,128.500000,36.800000
dongsi_aq#25,174.200000,457.200000,96.700000
dongsi_aq#26,92.400000,305.382979,73.900000
dongsi_aq#27,89.000000,418.400000,90.500000
dongsi_aq#28,61.100000,126.923529,97.400000
dongsi_aq#29,41.989474,93.549845,110.600000
dongsi_aq#30,91.000000,244.788235,109.200000
dongsi_aq#31,108.500000,341.900000,123.800000
dongsi_aq#32,237.800000,555.200000,97.100000
dongsi_aq#33,157.300000,536.027451,110.600000
dongsi_aq#34,156.700000,534.600000,106.500000
dongsi_aq#35,122.700000,348.589474,114.400000
dongsi_aq#36,70.200000,153.800000,105.900000
dongsi_aq#37,89.900000,159.800000,89.400000
dongsi_aq#38,43.900000,68.500000,87.700000
dongsi_aq#39,28.100000,80.300000,103.300000
dongsi_aq#40,15.300000,32.400000,82.700000
dongsi_aq#41,23.100000,52.900000,91.000000
dongsi_aq#42,21.700000,41.800000,79.700000
dongsi_aq#43,20.700000,55.000000,79.600000
dongsi_aq#44,23.500000,57.400000,81.000000
dongsi_aq#45,23.100000,62.000000,80.500000
dongsi_aq#46,15.200000,54.400000,78.700000
dongsi_aq#47,47.900000,203.700000,79.400000
dongsihuan_aq#0,59.607602,140.463158,57.652632
dongsihuan_aq#1,55.463158,158.905263,49.110526
dongsihuan_aq#2,52.849123,123.980014,60.854386
dongsihuan_aq#3,62.915789,131.486667,95.836842
dongsihuan_aq#4,64.126316,153.892222,100.968421
dongsihuan_aq#5,44.725000,104.547059,112.275000
dongsihuan_aq#6,55.325000,126.547059,112.675000
dongsihuan_aq#7,31.000000,95.100000,127.300000
dongsihuan_aq#8,32.831579,84.700000,130.405263
dongsihuan_aq#9,28.600000,68.100000,99.700000
dongsihuan_aq#10,76.400000,164.356522,103.700000
dongsihuan_aq#11,76.252632,196.064777,94.989474
dongsihuan_aq#12,131.900000,262.133333,101.400000
dongsihuan_aq#13,156.600000,345.000000,69.400000
dongsihuan_aq#14,160.900000,355.400000,70.800000
dongsihuan_aq#15,241.500000,551.100000,80.500000
dongsihuan_aq#16,105.500000,187.300000,81.000000
dongsihuan_aq#17,58.700000,120.976471,73.600000
dongsihuan_aq#18,57.927778,105.288889,67.072222
dongsihuan_aq#19,127.200000,284.200000,74.000000
dongsihuan_aq#20,137.300000,348.300000,57.100000
dongsihuan_aq#21,91.711111,251.094444,64.966667
dongsihuan_aq#22,20.500000,70.100000,42.900000
dongsihuan_aq#23,28.700000,81.600000,30.400000
dongsihuan_aq#24,101.800000,210.900000,45.200000
dongsihuan_aq#25,243.700000,552.700000,88.800000
dongsihuan_aq#26,177.100000,586.500000,87.300000
dongsihuan_aq#27,116.500000,544.600000,99.500000
dongsihuan_aq#28,66.500000,231.411111,91.300000
dongsihuan_aq#29,139.000000,359.144444,104.500000
dongsihuan_aq#30,225.300000,578.400000,104.300000
dongsihuan_aq#31,48.700000,99.100000,102.400000
dongsihuan_aq#32,41.270000,90.855000,123.180000
dongsihuan_aq#33,47.200000,88.100000,124.100000
dongsihuan_aq#34,159.200000,453.200000,101.600000
dongsihuan_aq#35,37.000000,83.167391,112.400000
dongsihuan_aq#36,23.000000,58.300000,94.200000
dongsihuan_aq#37,44.700000,71.900000,95.100000
dongsihuan_aq#38,71.200000,169.800000,73.400000
dongsihuan_aq#39,27.500000,71.000000,114.600000
dongsihuan_aq#40,68.300000,153.900000,83.900000
dongsihuan_aq#41,107.000000,241.100000,81.100000
dongsihuan_aq#42,67.200000,151.400000,67.100000
dongsihuan_aq#43,108.200000,243.300000,77.300000
dongsihuan_aq#44,107.900000,244.100000,74.900000
dongsihuan_aq#45,108.800000,245.700000,77.900000
dongsihuan_aq#46,62.800000,154.600000,71.600000
dongsihuan_aq#47,90.100000,226.700000,67.400000
fangshan_aq#0,220.500000,390.500000,80.100000
fangshan_aq#1,41.900000,76.600000,85.500000
fangshan_aq#2,78.000000,148.700000,92.000000
fangshan_aq#3,139.400000,248.900000,102.400000
fangshan_aq#4,153.093889,435.308333,105.808158
fangshan_aq#5,139.573684,350.148627,111.795000
fangshan_aq#6,98.800000,229.794118,102.300000
fangshan_aq#7,31.321818,84.960377,134.696364
fangshan_aq#8,37.547368,97.678947,125.057895
fangshan_aq#9,31.757895,77.378245,103.000000
fangshan_aq#10,30.700000,63.860286,84.400000
fangshan_aq#11,32.300000,63.860286,83.300000
fangshan_aq#12,30.400000,81.669778,85.800000
fangshan_aq#13,93.600000,257.900000,87.400000
fangshan_aq#14,47.600000,88.300000,77.100000
fangshan_aq#15,52.000000,164.700000,80.100000
fangshan_aq#16,31.300000,55.500000,74.100000
fangshan_aq#17,54.200000,112.552941,77.400000
fangshan_aq#18,54.400000,99.576471,79.300000
fangshan_aq#19,54.000000,108.676471,77.500000
fangshan_aq#20,49.700000,98.076471,68.500000
fangshan_aq#21,69.800000,170.100000,61.800000
fangshan_aq#22,163.527778,357.227778,69.516667
fangshan_aq#23,93.700000,207.600000,70.000000
fangshan_aq#24,362.500000,650.700000,90.900000
fangshan_aq#25,438.200000,719.200000,92.100000
fangshan_aq#26,35.100000,186.700000,91.100000
fangshan_aq#27,99.400000,307.500000,99.000000
fangshan_aq#28,112.900000,282.111111,104.400000
fangshan_aq#29,153.200000,441.000000,117.100000
fangshan_aq#30,35.500000,75.600000,108.200000
fangshan_aq#31,232.900000,572.900000,84.600000
fangshan_aq#32,192.000000,418.200000,101.100000
fangshan_aq#33,44.600000,169.500000,105.400000
fangshan_aq#34,68.300000,163.100000,104.300000
fangshan_aq#35,44.600000,149.500000,111.100000
fangshan_aq#36,28.500000,67.800000,104.400000
fangshan_aq#37,55.500000,149.700000,90.200000
fangshan_aq#38,23.000000,61.200000,97.000000
fangshan_aq#39,22.800000,62.000000,96.100000
fangshan_aq#40,13.400000,29.200000,81.300000
fangshan_aq#41,11.300000,31.800000,81.700000
fangshan_aq#42,12.800000,30.700000,76.800000
fangshan_aq#43,13.200000,34.800000,72.400000
fangshan_aq#44,17.000000,38.600000,76.000000
fangshan_aq#45,16.700000,42.500000,72.600000
fangshan_aq#46,41.400000,156.500000,70.100000
fangshan_aq#47,51.800000,215.000000,78.900000
fengtaihuayuan_aq#0,107.344444,216.347368,68.252632
fengtaihuayuan_aq#1,42.307018,118.894737,81.031579
fengtaihuayuan_aq#2,108.800000,222.300000,84.300000
fengtaihuayuan_aq#3,34.215789,80.800000,116.436842
fengtaihuayuan_aq#4,43.596784,110.912095,97.747368
fengtaihuayuan_aq#5,41.944152,97.429123,105.326579
fengtaihuayuan_aq#6,35.000000,67.794118,101.900000
fengtaihuayuan_aq#7,27.821818,70.060377,126.396364
fengtaihuayuan_aq#8,29.700000,77.600000,105.100000
fengtaihuayuan_aq#9,17.500000,76.012502,95.600000
fengtaihuayuan_aq#10,34.700000,97.325002,118.200000
fengtaihuayuan_aq#11,67.700000,145.218527,98.400000
fengtaihuayuan_aq#12,67.800000,239.300000,97.200000
fengtaihuayuan_aq#13,70.600000,256.600000,85.300000
fengtaihuayuan_aq#14,61.500000,159.700000,75.200000
fengtaihuayuan_aq#15,61.400000,159.400000,70.900000
fengtaihuayuan_aq#16,95.700000,254.900000,74.500000
fengtaihuayuan_aq#17,104.700000,240.200000,68.700000
fengtaihuayuan_aq#18,104.500000,265.000000,68.500000
fengtaihuayuan_aq#19,74.700000,187.900000,69.500000
fengtaihuayuan_aq#20,93.300000,243.200000,70.500000
fengtaihuayuan_aq#21,76.400000,237.700000,57.000000
fengtaihuayuan_aq#22,89.800000,253.600000,50.700000
fengtaihuayuan_aq#23,28.400000,90.600000,31.200000
fengtaihuayuan_aq#24,38.100000,111.700000,39.400000
fengtaihuayuan_aq#25,19.200000,63.000000,79.900000
fengtaihuayuan_aq#26,147.900000,577.800000,86.800000
fengtaihuayuan_aq#27,136.200000,462.200000,101.100000
fengtaihuayuan_aq#28,38.600000,84.236364,91.100000
fengtaihuayuan_aq#29,42.900000,79.600000,105.100000
fengtaihuayuan_aq#30,145.292727,363.700000,100.600000
fengtaihuayuan_aq#31,25.900000,75.335294,105.500000
fengtaihuayuan_aq#32,230.800000,570.800000,83.400000
fengtaihuayuan_aq#33,30.000000,61.500000,128.400000
fengtaihuayuan_aq#34,96.500000,355.260784,115.200000
fengtaihuayuan_aq#35,42.300000,177.266667,99.800000
fengtaihuayuan_aq#36,24.800000,84.166667,104.500000
fengtaihuayuan_aq#37,29.700000,98.633333,107.900000
fengtaihuayuan_aq#38,19.500000,74.533333,84.900000
fengtaihuayuan_aq#39,53.200000,138.600000,84.700000
fengtaihuayuan_aq#40,24.600000,68.600000,81.100000
fengtaihuayuan_aq#41,41.700000,126.500000,83.500000
fengtaihuayuan_aq#42,41.900000,139.100000,73.500000
fengtaihuayuan_aq#43,40.900000,131.400000,68.600000
fengtaihuayuan_aq#44,40.800000,136.000000,74.000000
fengtaihuayuan_aq#45,44.400000,138.000000,65.700000
fengtaihuayuan_aq#46,103.600000,294.200000,72.400000
fengtaihuayuan_aq#47,114.200000,381.000000,77.400000
guanyuan_aq#0,67.107602,137.531579,61.752632
guanyuan_aq#1,41.907018,113.094737,76.331579
guanyuan_aq#2,13.300000,26.700000,78.500000
guanyuan_aq#3,34.815789,90.500000,121.436842
guanyuan_aq#4,43.596784,108.112095,96.647368
guanyuan_aq#5,31.863158,59.961610,110.290000
guanyuan_aq#6,34.100000,90.300000,100.500000
guanyuan_aq#7,29.621818,72.060377,129.596364
guanyuan_aq#8,33.400000,84.800000,100.700000
guanyuan_aq#9,23.100000,55.349835,108.100000
guanyuan_aq#10,29.600000,71.018308,110.500000
guanyuan_aq#11,26.700000,59.967143,102.700000
guanyuan_aq#12,41.000000,146.000000,99.800000
guanyuan_aq#13,47.000000,176.200000,89.400000
guanyuan_aq#14,52.900000,172.000000,90.200000
guanyuan_aq#15,51.400000,170.400000,84.900000
guanyuan_aq#16,77.300000,141.500000,73.600000
guanyuan_aq#17,83.200000,155.300000,66.300000
guanyuan_aq#18,74.800000,168.000000,57.500000
guanyuan_aq#19,45.100000,81.200000,72.300000
guanyuan_aq#20,61.000000,149.200000,62.800000
guanyuan_aq#21,85.200000,258.820000,51.900000
guanyuan_aq#22,91.700000,235.200000,57.200000
guanyuan_aq#23,64.000000,149.400000,42.500000
guanyuan_aq#24,36.900000,132.100000,48.700000
guanyuan_aq#25,15.700000,63.900000,78.100000
guanyuan_aq#26,149.500000,575.400000,81.700000
guanyuan_aq#27,140.200000,454.700000,100.200000
guanyuan_aq#28,36.700000,85.751316,97.500000
guanyuan_aq#29,31.300000,47.600000,102.500000
guanyuan_aq#30,21.900000,74.800000,115.800000
guanyuan_aq#31,43.900000,78.400000,113.600000
guanyuan_aq#32,145.800000,346.745652,100.500000
guanyuan_aq#33,26.100000,59.900000,127.400000
guanyuan_aq#34,152.900000,534.422188,111.000000
guanyuan_aq#35,73.000000,252.900000,116.200000
guanyuan_aq#36,28.300000,67.700000,114.800000
guanyuan_aq#37,32.900000,92.900000,113.100000
guanyuan_aq#38,19.900000,70.500000,90.200000
guanyuan_aq#39,54.000000,150.900000,87.500000
guanyuan_aq#40,20.800000,78.500000,82.100000
guanyuan_aq#41,11.800000,21.900000,83.400000
guanyuan_aq#42,15.400000,37.000000,75.500000
guanyuan_aq#43,13.100000,30.300000,75.200000
guanyuan_aq#44,16.100000,37.700000,79.900000
guanyuan_aq#45,17.300000,41.300000,69.500000
guanyuan_aq#46,75.800000,197.900000,71.200000
guanyuan_aq#47,52.300000,203.300000,76.800000
gucheng_aq#0,117.626316,209.483333,66.847368
gucheng_aq#1,26.800000,64.514583,80.900000
gucheng_aq#2,15.000000,43.100000,77.000000
gucheng_aq#3,18.400000,49.000000,88.300000
gucheng_aq#4,21.600000,80.383333,112.500000
gucheng_aq#5,25.473684,50.035294,109.695000
gucheng_aq#6,62.573684,129.435294,123.295000
gucheng_aq#7,22.500000,96.034783,124.600000
gucheng_aq#8,88.300000,155.381677,104.300000
gucheng_aq#9,20.800000,44.679670,106.840000
gucheng_aq#10,21.500000,63.913761,109.300000
gucheng_aq#11,28.100000,60.623179,102.300000
gucheng_aq#12,27.700000,63.600000,65.900000
gucheng_aq#13,64.600000,248.600000,67.100000
gucheng_aq#14,74.500000,255.700000,77.300000
gucheng_aq#15,136.900000,344.100000,81.700000
gucheng_aq#16,118.500000,270.300000,65.000000
gucheng_aq#17,117.800000,276.000000,61.400000
gucheng_aq#18,177.800000,353.200000,63.600000
gucheng_aq#19,140.300000,266.500000,71.100000
gucheng_aq#20,305.700000,617.600000,55.900000
gucheng_aq#21,92.838889,253.161111,70.400000
gucheng_aq#22,91.000000,173.900000,65.200000
gucheng_aq#23,56.400000,161.100000,61.900000
gucheng_aq#24,14.800000,82.644444,69.000000
gucheng_aq#25,80.500000,178.000000,90.600000
gucheng_aq#26,44.100000,214.400000,87.900000
gucheng_aq#27,91.600000,224.600000,95.700000
gucheng_aq#28,88.700000,208.300000,103.500000
gucheng_aq#29,24.200000,85.206924,119.900000
gucheng_aq#30,21.400000,62.900000,119.500000
gucheng_aq#31,104.600000,265.800000,109.000000
gucheng_aq#32,132.500000,387.000000,104.700000
gucheng_aq#33,17.100000,45.100000,108.300000
gucheng_aq#34,15.600000,62.600000,110.700000
gucheng_aq#35,44.000000,149.100000,117.300000
gucheng_aq#36,28.300000,78.105556,109.400000
gucheng_aq#37,28.300000,87.400000,103.400000
gucheng_aq#38,18.500000,46.900000,87.200000
gucheng_aq#39,25.200000,68.500000,99.200000
gucheng_aq#40,55.700000,192.400000,71.700000
gucheng_aq#41,41.800000,136.100000,71.200000
gucheng_aq#42,91.500000,225.700000,64.800000
gucheng_aq#43,94.100000,241.300000,58.700000
gucheng_aq#44,94.300000,241.400000,58.600000
gucheng_aq#45,122.700000,353.800000,77.300000
gucheng_aq#46,114.900000,360.200000,67.700000
gucheng_aq#47,53.400000,230.700000,75.100000
huairou_aq#0,19.300000,51.176000,82.500000
huairou_aq#1,14.000000,39.444203,88.300000
huairou_aq#2,19.300000,60.226154,91.000000
huairou_aq#3,12.100000,25.400000,93.100000
huairou_aq#4,19.400000,55.114903,106.900000
huairou_aq#5,20.100000,70.520354,115.700000
huairou_aq#6,18.300000,72.223077,113.600000
huairou_aq#7,27.800000,68.714286,112.200000
huairou_aq#8,34.400000,76.675472,104.700000
huairou_aq#9,21.200000,51.936310,125.500000
huairou_aq#10,27.000000,67.582604,119.500000
huairou_aq#11,32.300000,66.759437,125.100000
huairou_aq#12,33.700000,68.685714,103.300000
huairou_aq#13,50.800000,172.000000,81.000000
huairou_aq#14,46.700000,156.400000,90.800000
huairou_aq#15,93.800000,258.800000,82.500000
huairou_aq#16,119.500000,311.700000,80.800000
huairou_aq#17,79.400000,272.500000,73.100000
huairou_aq#18,94.600000,246.800000,81.400000
huairou_aq#19,94.400000,252.200000,80.600000
huairou_aq#20,100.700000,262.700000,76.700000
huairou_aq#21,150.700000,355.500000,68.200000
huairou_aq#22,159.000000,343.800000,60.000000
huairou_aq#23,45.000000,100.200000,66.900000
huairou_aq#24,24.900000,73.813506,67.000000
huairou_aq#25,15.800000,62.883333,82.700000
huairou_aq#26,17.500000,60.846154,86.700000
huairou_aq#27,24.600000,48.800000,100.100000
huairou_aq#28,104.000000,346.400000,105.100000
huairou_aq#29,19.400000,38.704651,105.400000
huairou_aq#30,17.300000,37.700000,113.000000
huairou_aq#31,137.200000,331.916667,101.300000
huairou_aq#32,84.400000,204.000000,76.900000
huairou_aq#33,25.300000,62.567391,114.100000
huairou_aq#34,18.500000,52.157143,116.900000
huairou_aq#35,27.600000,67.986859,128.400000
huairou_aq#36,15.400000,52.600000,97.600000
huairou_aq#37,17.800000,60.700000,102.900000
huairou_aq#38,26.800000,57.500000,113.200000
huairou_aq#39,50.900000,152.746154,98.100000
huairou_aq#40,15.800000,36.000000,80.600000
huairou_aq#41,25.400000,53.800000,80.300000
huairou_aq#42,23.800000,57.500000,84.200000
huairou_aq#43,23.300000,58.100000,72.200000
huairou_aq#44,25.500000,54.000000,69.700000
huairou_aq#45,46.700000,223.100000,77.500000
huairou_aq#46,122.800000,328.100000,68.600000
huairou_aq#47,36.900000,93.500000,70.700000
liulihe_aq#0,128.800000,249.600000,52.300000
liulihe_aq#1,161.526316,292.797917,74.547368
liulihe_aq#2,141.000000,256.614583,79.100000
liulihe_aq#3,133.700000,244.828846,78.400000
liulihe_aq#4,23.100000,72.463445,93.200000
liulihe_aq#5,26.773684,56.535294,110.495000
liulihe_aq#6,53.800000,115.194118,110.200000
liulihe_aq#7,169.500000,421.818750,91.500000
liulihe_aq#8,31.500000,73.100000,128.700000
liulihe_aq#9,80.457895,164.276068,84.700000
liulihe_aq#10,35.800000,75.269318,78.800000
liulihe_aq#11,29.200000,76.790286,83.800000
liulihe_aq#12,91.800000,250.692000,97.000000
liulihe_aq#13,99.400000,255.000000,91.900000
liulihe_aq#14,130.900000,320.100000,95.100000
liulihe_aq#15,155.200000,498.900000,92.100000
liulihe_aq#16,190.500000,526.000000,92.800000
liulihe_aq#17,96.300000,432.000000,86.500000
liulihe_aq#18,73.000000,257.800000,75.700000
liulihe_aq#19,73.000000,257.800000,75.700000
liulihe_aq#20,104.500000,322.900000,78.900000
liulihe_aq#21,134.300000,453.600000,78.300000
liulihe_aq#22,98.400000,282.040000,82.700000
liulihe_aq#23,89.500000,225.700000,76.700000
liulihe_aq#24,32.700000,69.820503,70.300000
liulihe_aq#25,14.400000,73.778561,76.200000
liulihe_aq#26,145.800000,343.800000,96.400000
liulihe_aq#27,127.100000,466.200000,90.800000
liulihe_aq#28,111.200000,299.200000,98.300000
liulihe_aq#29,19.200000,78.131574,117.800000
liulihe_aq#30,14.900000,31.600000,108.400000
liulihe_aq#31,13.600000,39.426923,124.600000
liulihe_aq#32,92.300000,330.000000,114.300000
liulihe_aq#33,25.800000,51.766667,109.400000
liulihe_aq#34,23.600000,46.166667,112.000000
liulihe_aq#35,23.500000,79.551378,114.400000
liulihe_aq#36,23.700000,54.800000,95.900000
liulihe_aq#37,26.200000,69.600000,97.700000
liulihe_aq#38,29.400000,63.200000,103.100000
liulihe_aq#39,27.300000,65.800000,98.400000
liulihe_aq#40,16.600000,35.300000,79.800000
liulihe_aq#41,12.500000,27.400000,78.500000
liulihe_aq#42,13.000000,33.800000,76.800000
liulihe_aq#43,13.400000,35.600000,75.700000
liulihe_aq#44,15.500000,51.300000,67.900000
liulihe_aq#45,16.800000,59.000000,69.100000
liulihe_aq#46,10.400000,40.500000,70.000000
liulihe_aq#47,44.900000,182.800000,83.800000
mentougou_aq#0,99.656000,194.951111,78.678000
mentougou_aq#1,48.111111,99.466667,86.644444
mentougou_aq#2,15.600000,37.100000,84.700000
mentougou_aq#3,25.380702,53.862000,93.863158
mentougou_aq#4,28.500000,80.466667,102.300000
mentougou_aq#5,31.164286,87.580128,105.350000
mentougou_aq#6,29.600000,78.600000,112.000000
mentougou_aq#7,39.100000,77.600000,113.200000
mentougou_aq#8,26.300000,62.900000,114.600000
mentougou_aq#9,28.400000,58.900000,126.000000
mentougou_aq#10,20.500000,49.645659,103.500000
mentougou_aq#11,27.000000,73.630032,93.300000
mentougou_aq#12,48.000000,166.500000,93.900000
mentougou_aq#13,105.000000,162.400000,99.700000
mentougou_aq#14,119.800000,191.600000,94.200000
mentougou_aq#15,129.500000,279.600000,92.600000
mentougou_aq#16,163.500000,365.400000,103.400000
mentougou_aq#17,120.300000,207.277778,77.400000
mentougou_aq#18,122.900000,200.500000,86.000000
mentougou_aq#19,122.500000,203.300000,73.400000
mentougou_aq#20,119.300000,190.900000,74.700000
mentougou_aq#21,31.900000,109.820000,80.600000
mentougou_aq#22,88.100000,139.700000,80.200000
mentougou_aq#23,11.100000,52.100000,70.300000
mentougou_aq#24,24.900000,68.500000,63.900000
mentougou_aq#25,10.600000,55.601391,85.000000
mentougou_aq#26,17.000000,36.100000,93.100000
mentougou_aq#27,37.100000,177.500000,90.200000
mentougou_aq#28,96.500000,339.000000,107.800000
mentougou_aq#29,20.100000,113.200000,104.000000
mentougou_aq#30,20.800000,99.700000,111.400000
mentougou_aq#31,84.310526,201.105263,105.121053
mentougou_aq#32,136.500000,383.400000,110.400000
mentougou_aq#33,23.800000,68.400000,132.200000
mentougou_aq#34,22.000000,43.900000,119.900000
mentougou_aq#35,21.500000,44.087826,112.200000
mentougou_aq#36,19.500000,41.600000,106.000000
mentougou_aq#37,22.200000,55.500000,114.500000
mentougou_aq#38,20.600000,57.600000,108.800000
mentougou_aq#39,51.100000,141.900000,90.900000
mentougou_aq#40,18.800000,52.500000,86.500000
mentougou_aq#41,43.800000,122.300000,83.100000
mentougou_aq#42,10.100000,32.900000,73.500000
mentougou_aq#43,14.300000,36.200000,76.000000
mentougou_aq#44,16.600000,45.900000,80.000000
mentougou_aq#45,12.400000,27.700000,68.900000
mentougou_aq#46,33.000000,132.300000,72.000000
mentougou_aq#47,53.500000,272.700000,85.300000
miyun_aq#0,140.300000,238.100000,63.800000
miyun_aq#1,99.022222,198.505848,88.433918
miyun_aq#2,101.000000,184.700000,100.300000
miyun_aq#3,110.000000,185.014583,127.900000
miyun_aq#4,59.926316,110.873904,135.147368
miyun_aq#5,48.663158,142.543707,117.215789
miyun_aq#6,39.537970,98.513462,135.223684
miyun_aq#7,32.800000,74.206667,109.240000
miyun_aq#8,16.400000,36.579167,110.400000
miyun_aq#9,14.500000,38.579167,122.000000
miyun_aq#10,20.800000,42.474911,110.400000
miyun_aq#11,27.600000,61.382603,128.800000
miyun_aq#12,43.200000,128.100000,112.400000
miyun_aq#13,52.600000,188.100000,104.500000
miyun_aq#14,67.000000,295.100000,103.300000
miyun_aq#15,110.000000,328.900000,99.300000
miyun_aq#16,111.200000,285.420000,91.100000
miyun_aq#17,103.600000,276.820000,90.300000
miyun_aq#18,111.300000,286.120000,80.000000
miyun_aq#19,89.400000,246.340000,89.500000
miyun_aq#20,80.700000,241.340000,84.700000
miyun_aq#21,105.100000,290.140000,79.300000
miyun_aq#22,215.400000,530.400000,74.700000
miyun_aq#23,172.900000,424.000000,78.500000
miyun_aq#24,81.700000,197.500000,75.800000
miyun_aq#25,26.400000,103.303472,84.100000
miyun_aq#26,71.200000,147.378571,84.600000
miyun_aq#27,67.000000,127.578571,87.500000
miyun_aq#28,45.200000,170.000000,96.000000
miyun_aq#29,89.200000,212.600000,103.100000
miyun_aq#30,29.090000,52.589474,116.365000
miyun_aq#31,43.570000,106.355000,128.780000
miyun_aq#32,65.915789,154.284211,104.189474
miyun_aq#33,12.100000,29.400000,99.700000
miyun_aq#34,13.100000,41.468640,109.900000
miyun_aq#35,19.600000,39.400000,118.200000
miyun_aq#36,15.300000,48.700000,109.500000
miyun_aq#37,17.400000,63.500000,102.000000
miyun_aq#38,19.500000,51.100000,101.100000
miyun_aq#39,41.700000,176.420000,90.900000
miyun_aq#40,98.500000,396.300000,84.700000
miyun_aq#41,106.200000,402.200000,84.000000
miyun_aq#42,102.400000,313.840000,78.200000
miyun_aq#43,102.800000,317.240000,77.600000
miyun_aq#44,95.100000,308.640000,75.400000
miyun_aq#45,100.400000,437.560000,80.400000
miyun_aq#46,146.400000,348.600000,71.800000
miyun_aq#47,132.200000,401.800000,83.000000
miyunshuiku_aq#0,21.600000,57.583333,67.000000
miyunshuiku_aq#1,13.100000,32.960870,80.000000
miyunshuiku_aq#2,20.700000,60.813940,96.100000
miyunshuiku_aq#3,12.100000,31.060870,96.200000
miyunshuiku_aq#4,31.900000,59.116188,104.500000
miyunshuiku_aq#5,10.300000,32.111852,107.500000
miyunshuiku_aq#6,10.100000,29.600000,106.300000
miyunshuiku_aq#7,31.800000,81.306667,116.640000
miyunshuiku_aq#8,9.800000,32.440000,111.200000
miyunshuiku_aq#9,11.100000,36.135745,118.600000
miyunshuiku_aq#10,25.300000,53.600962,126.000000
miyunshuiku_aq#11,29.100000,55.711051,132.000000
miyunshuiku_aq#12,71.000000,165.408333,119.400000
miyunshuiku_aq#13,85.800000,255.600000,113.900000
miyunshuiku_aq#14,95.000000,317.400000,110.300000
miyunshuiku_aq#15,135.500000,337.000000,99.200000
miyunshuiku_aq#16,144.300000,485.700000,88.400000
miyunshuiku_aq#17,144.300000,485.700000,88.400000
miyunshuiku_aq#18,121.100000,424.100000,83.700000
miyunshuiku_aq#19,107.400000,328.600000,90.600000
miyunshuiku_aq#20,75.900000,140.600000,89.300000
miyunshuiku_aq#21,172.500000,353.600000,81.700000
miyunshuiku_aq#22,200.600000,542.900000,74.500000
miyunshuiku_aq#23,157.800000,421.700000,80.900000
miyunshuiku_aq#24,36.700000,71.000000,77.900000
miyunshuiku_aq#25,18.000000,46.100000,87.600000
miyunshuiku_aq#26,22.100000,78.897308,93.600000
miyunshuiku_aq#27,17.400000,50.864706,96.200000
miyunshuiku_aq#28,21.700000,82.486667,102.600000
miyunshuiku_aq#29,44.200000,164.491373,101.200000
miyunshuiku_aq#30,14.700000,82.811765,99.600000
miyunshuiku_aq#31,26.400000,55.368750,120.200000
miyunshuiku_aq#32,22.200000,42.764706,103.300000
miyunshuiku_aq#33,19.900000,42.798913,108.800000
miyunshuiku_aq#34,8.800000,29.940000,109.300000
miyunshuiku_aq#35,17.500000,45.340000,116.600000
miyunshuiku_aq#36,39.500000,70.700000,161.200000
miyunshuiku_aq#37,55.400000,90.100000,189.300000
miyunshuiku_aq#38,37.200000,74.100000,130.100000
miyunshuiku_aq#39,54.300000,175.700000,93.100000
miyunshuiku_aq#40,104.400000,350.200000,98.600000
miyunshuiku_aq#41,111.000000,354.100000,93.000000
miyunshuiku_aq#42,111.900000,351.200000,90.700000
miyunshuiku_aq#43,118.300000,349.300000,92.300000
miyunshuiku_aq#44,150.000000,348.500000,94.500000
miyunshuiku_aq#45,139.600000,467.720000,69.800000
miyunshuiku_aq#46,91.600000,269.900000,74.800000
miyunshuiku_aq#47,118.400000,328.800000,81.800000
nansanhuan_aq#0,65.644444,133.523839,54.805263
nansanhuan_aq#1,69.580117,157.955418,67.747368
nansanhuan_aq#2,23.500000,53.100000,70.800000
nansanhuan_aq#3,36.615789,79.100000,97.436842
nansanhuan_aq#4,29.742105,89.394444,116.488889
nansanhuan_aq#5,30.100000,69.200000,111.400000
nansanhuan_aq#6,33.100000,70.500000,106.600000
nansanhuan_aq#7,30.521818,77.160377,110.696364
nansanhuan_aq#8,30.500000,66.300000,104.200000
nansanhuan_aq#9,27.300000,51.029194,99.000000
nansanhuan_aq#10,36.800000,64.529194,101.900000
nansanhuan_aq#11,37.500000,70.204835,85.400000
nansanhuan_aq#12,49.552632,85.626316,96.689474
nansanhuan_aq#13,55.400000,103.855556,64.700000
nansanhuan_aq#14,76.500000,173.825367,83.400000
nansanhuan_aq#15,84.300000,191.825367,82.600000
nansanhuan_aq#16,102.200000,179.100000,76.100000
nansanhuan_aq#17,57.700000,113.876471,72.200000
nansanhuan_aq#18,54.100000,104.300000,76.700000
nansanhuan_aq#19,82.700000,171.700000,76.700000
nansanhuan_aq#20,69.538889,181.161111,62.900000
nansanhuan_aq#21,90.211111,244.094444,73.166667
nansanhuan_aq#22,28.600000,70.300000,33.700000
nansanhuan_aq#23,32.100000,79.400000,38.000000
nansanhuan_aq#24,85.700000,186.300000,48.700000
nansanhuan_aq#25,28.600000,65.700000,66.300000
nansanhuan_aq#26,108.700000,409.500000,82.600000
nansanhuan_aq#27,97.300000,383.300000,95.100000
nansanhuan_aq#28,59.500000,125.011111,97.300000
nansanhuan_aq#29,161.689474,332.326316,95.200000
nansanhuan_aq#30,91.000000,244.788235,109.200000
nansanhuan_aq#31,106.500000,338.500000,120.400000
nansanhuan_aq#32,261.500000,635.800000,96.400000
nansanhuan_aq#33,89.800000,262.100000,123.700000
nansanhuan_aq#34,153.900000,442.000000,108.100000
nansanhuan_aq#35,70.900000,172.800000,94.100000
nansanhuan_aq#36,71.000000,177.700000,112.200000
nansanhuan_aq#37,68.900000,177.700000,86.000000
nansanhuan_aq#38,24.900000,81.300000,73.000000
nansanhuan_aq#39,35.157895,88.794737,86.647368
nansanhuan_aq#40,28.000000,131.900000,57.600000
nansanhuan_aq#41,61.300000,160.400000,34.600000
nansanhuan_aq#42,26.600000,58.900000,31.800000
nansanhuan_aq#43,65.400000,152.100000,82.400000
nansanhuan_aq#44,23.700000,56.800000,81.300000
nansanhuan_aq#45,23.100000,62.000000,80.500000
nansanhuan_aq#46,15.200000,54.400000,78.700000
nansanhuan_aq#47,103.700000,228.700000,47.300000
nongzhanguan_aq#0,59.316667,140.621053,54.878947
nongzhanguan_aq#1,73.132456,170.731579,62.910526
nongzhanguan_aq#2,23.200000,63.200000,64.400000
nongzhanguan_aq#3,65.715789,147.800000,106.336842
nongzhanguan_aq#4,47.942105,113.694444,133.488889
nongzhanguan_aq#5,46.625000,112.547059,141.475000
nongzhanguan_aq#6,56.925000,145.947059,134.675000
nongzhanguan_aq#7,26.700000,104.200000,109.800000
nongzhanguan_aq#8,25.600000,65.100000,116.000000
nongzhanguan_aq#9,29.200000,58.614286,101.000000
nongzhanguan_aq#10,32.800000,52.666667,114.900000
nongzhanguan_aq#11,23.200000,49.313143,105.000000
nongzhanguan_aq#12,146.900000,265.485714,104.100000
nongzhanguan_aq#13,201.100000,437.200000,94.300000
nongzhanguan_aq#14,201.100000,437.200000,94.300000
nongzhanguan_aq#15,184.900000,333.000000,79.200000
nongzhanguan_aq#16,190.100000,347.600000,75.400000
nongzhanguan_aq#17,190.100000,347.600000,75.400000
nongzhanguan_aq#18,87.600000,194.700000,70.500000
nongzhanguan_aq#19,180.100000,360.900000,65.800000
nongzhanguan_aq#20,102.900000,256.200000,59.700000
nongzhanguan_aq#21,115.800000,338.520000,60.500000
nongzhanguan_aq#22,80.600000,256.700000,57.100000
nongzhanguan_aq#23,76.600000,234.800000,43.300000
nongzhanguan_aq#24,43.800000,120.000000,39.700000
nongzhanguan_aq#25,35.300000,93.600000,57.000000
nongzhanguan_aq#26,90.800000,305.882979,75.400000
nongzhanguan_aq#27,93.600000,426.582979,99.600000
nongzhanguan_aq#28,122.600000,317.500000,101.500000
nongzhanguan_aq#29,42.389474,73.726316,102.800000
nongzhanguan_aq#30,95.600000,237.500000,112.200000
nongzhanguan_aq#31,54.400000,101.900000,138.300000
nongzhanguan_aq#32,43.970000,96.755000,139.880000
nongzhanguan_aq#33,44.200000,87.588000,132.800000
nongzhanguan_aq#34,149.800000,435.900000,102.800000
nongzhanguan_aq#35,52.000000,179.737300,121.800000
nongzhanguan_aq#36,125.500000,247.400000,105.400000
nongzhanguan_aq#37,125.900000,253.900000,104.100000
nongzhanguan_aq#38,131.900000,262.400000,117.300000
nongzhanguan_aq#39,131.900000,262.400000,117.300000
nongzhanguan_aq#40,130.500000,256.900000,91.700000
nongzhanguan_aq#41,172.100000,342.100000,93.400000
nongzhanguan_aq#42,133.400000,256.600000,80.700000
nongzhanguan_aq#43,131.000000,253.200000,77.300000
nongzhanguan_aq#44,129.500000,252.400000,83.700000
nongzhanguan_aq#45,76.600000,156.500000,79.300000
nongzhanguan_aq#46,69.100000,159.300000,69.900000
nongzhanguan_aq#47,94.100000,221.800000,71.200000
pingchang_aq#0,24.800000,101.126333,73.400000
pingchang_aq#1,15.700000,76.900947,80.700000
pingchang_aq#2,18.000000,67.708725,91.700000
pingchang_aq#3,15.000000,29.278571,91.200000
pingchang_aq#4,28.800000,62.300000,97.500000
pingchang_aq#5,18.200000,48.500000,96.500000
pingchang_aq#6,18.900000,38.200000,94.400000
pingchang_aq#7,24.810526,56.805263,84.021053
pingchang_aq#8,13.000000,33.619167,99.600000
pingchang_aq#9,12.200000,42.096000,108.500000
pingchang_aq#10,15.700000,45.559385,112.000000
pingchang_aq#11,15.400000,43.013143,112.400000
pingchang_aq#12,41.500000,147.200000,99.400000
pingchang_aq#13,40.000000,173.900000,96.400000
pingchang_aq#14,40.100000,148.000000,111.800000
pingchang_aq#15,187.900000,398.600000,93.100000
pingchang_aq#16,117.300000,460.800000,84.100000
pingchang_aq#17,112.800000,384.800000,69.900000
pingchang_aq#18,111.100000,379.600000,67.600000
pingchang_aq#19,53.600000,100.400000,58.400000
pingchang_aq#20,93.100000,224.600000,70.500000
pingchang_aq#21,39.800000,137.920000,67.100000
pingchang_aq#22,79.400000,172.200000,47.900000
pingchang_aq#23,71.500000,162.600000,50.300000
pingchang_aq#24,20.100000,93.200000,71.400000
pingchang_aq#25,19.400000,51.800000,73.600000
pingchang_aq#26,20.000000,57.000000,87.200000
pingchang_aq#27,126.300000,378.400000,97.800000
pingchang_aq#28,89.000000,211.400000,103.000000
pingchang_aq#29,23.000000,107.430848,111.200000
pingchang_aq#30,21.500000,78.100000,110.700000
pingchang_aq#31,14.000000,40.326923,114.100000
pingchang_aq#32,13.100000,38.600000,106.400000
pingchang_aq#33,17.000000,60.523529,112.000000
pingchang_aq#34,18.800000,65.000000,108.800000
pingchang_aq#35,24.900000,71.242269,119.900000
pingchang_aq#36,19.800000,39.100000,86.000000
pingchang_aq#37,14.700000,50.900000,88.100000
pingchang_aq#38,16.200000,34.100000,91.700000
pingchang_aq#39,50.400000,148.600000,91.500000
pingchang_aq#40,17.800000,31.500000,75.400000
pingchang_aq#41,13.400000,23.600000,76.100000
pingchang_aq#42,11.900000,25.500000,70.300000
pingchang_aq#43,12.100000,26.600000,69.400000
pingchang_aq#44,16.400000,31.700000,73.300000
pingchang_aq#45,14.200000,29.000000,71.300000
pingchang_aq#46,97.500000,273.400000,72.500000
pingchang_aq#47,83.200000,251.900000,74.100000
pinggu_aq#0,140.000000,250.100000,62.200000
pinggu_aq#1,83.500000,140.958929,54.000000
pinggu_aq#2,82.900000,144.526190,62.700000
pinggu_aq#3,62.300000,117.851877,84.600000
pinggu_aq#4,66.700000,105.690418,99.300000
pinggu_aq#5,66.263158,111.843707,130.415789
pinggu_aq#6,53.700000,147.300000,103.600000
pinggu_aq#7,54.200000,99.484752,124.400000
pinggu_aq#8,44.994737,100.242982,150.315789
pinggu_aq#9,49.100000,98.486669,90.200000
pinggu_aq#10,75.100000,218.325412,89.200000
pinggu_aq#11,74.700000,215.713412,89.700000
pinggu_aq#12,98.100000,256.585714,117.500000
pinggu_aq#13,131.300000,304.100000,76.600000
pinggu_aq#14,150.600000,355.500000,72.600000
pinggu_aq#15,127.900000,259.900000,71.200000
pinggu_aq#16,77.500000,149.500000,80.000000
pinggu_aq#17,102.400000,237.000000,71.300000
pinggu_aq#18,130.800000,318.800000,66.700000
pinggu_aq#19,122.200000,231.200000,63.900000
pinggu_aq#20,134.800000,319.800000,61.000000
pinggu_aq#21,100.600000,222.200000,69.100000
pinggu_aq#22,140.000000,310.600000,70.700000
pinggu_aq#23,77.000000,182.400000,73.100000
pinggu_aq#24,84.800000,226.330172,69.600000
pinggu_aq#25,153.200000,341.566667,89.900000
pinggu_aq#26,20.000000,98.746154,87.800000
pinggu_aq#27,21.200000,30.100000,96.000000
pinggu_aq#28,19.300000,46.615385,102.800000
pinggu_aq#29,70.100000,150.615385,103.900000
pinggu_aq#30,17.900000,44.400000,92.000000
pinggu_aq#31,33.000000,79.300000,109.600000
pinggu_aq#32,86.010526,206.005263,98.621053
pinggu_aq#33,14.100000,44.157143,103.000000
pinggu_aq#34,14.200000,34.957143,104.300000
pinggu_aq#35,21.000000,47.270286,115.200000
pinggu_aq#36,47.500000,99.000000,88.600000
pinggu_aq#37,53.000000,101.800000,104.800000
pinggu_aq#38,85.000000,201.500000,88.500000
pinggu_aq#39,81.900000,196.600000,92.600000
pinggu_aq#40,168.500000,393.200000,74.000000
pinggu_aq#41,137.100000,349.500000,78.500000
pinggu_aq#42,195.900000,469.200000,72.300000
pinggu_aq#43,198.600000,461.900000,70.700000
pinggu_aq#44,173.400000,419.300000,74.500000
pinggu_aq#45,198.700000,420.900000,77.400000
pinggu_aq#46,85.300000,301.420000,80.300000
pinggu_aq#47,151.100000,387.500000,77.800000
qianmen_aq#0,57.516667,117.121053,58.678947
qianmen_aq#1,63.249708,152.336842,71.605263
qianmen_aq#2,23.400000,53.800000,71.000000
qianmen_aq#3,23.100000,72.000000,85.500000
qianmen_aq#4,42.242105,90.694444,123.788889
qianmen_aq#5,30.300000,66.000000,116.600000
qianmen_aq#6,28.525000,71.147059,125.475000
qianmen_aq#7,32.121818,85.160377,117.296364
qianmen_aq#8,38.900000,68.614286,107.400000
qianmen_aq#9,24.700000,51.229194,95.600000
qianmen_aq#10,61.700000,186.293846,98.700000
qianmen_aq#11,40.352632,82.074008,86.489474
qianmen_aq#12,32.700000,73.041176,89.100000
qianmen_aq#13,37.400000,80.100000,78.500000
qianmen_aq#14,81.300000,149.300000,78.000000
qianmen_aq#15,82.600000,149.800000,80.800000
qianmen_aq#16,108.500000,286.755556,77.600000
qianmen_aq#17,80.200000,173.400000,71.100000
qianmen_aq#18,82.700000,171.700000,76.700000
qianmen_aq#19,82.700000,171.700000,76.700000
qianmen_aq#20,99.238889,267.361111,70.000000
qianmen_aq#21,91.911111,246.794444,70.266667
qianmen_aq#22,27.100000,69.700000,31.100000
qianmen_aq#23,31.500000,80.900000,34.500000
qianmen_aq#24,44.200000,117.100000,40.300000
qianmen_aq#25,137.400000,354.400000,83.000000
qianmen_aq#26,92.400000,305.382979,73.900000
qianmen_aq#27,89.000000,418.400000,90.500000
qianmen_aq#28,124.100000,202.100000,94.000000
qianmen_aq#29,88.000000,284.000000,114.700000
qianmen_aq#30,91.600000,262.076471,109.400000
qianmen_aq#31,108.500000,341.900000,123.800000
qianmen_aq#32,226.100000,553.300000,97.800000
qianmen_aq#33,166.300000,526.900000,107.200000
qianmen_aq#34,164.200000,532.827451,111.000000
qianmen_aq#35,122.400000,337.100000,111.300000
qianmen_aq#36,70.200000,153.800000,105.900000
qianmen_aq#37,65.900000,153.800000,91.700000
qianmen_aq#38,20.100000,59.600000,88.000000
qianmen_aq#39,28.500000,85.800000,98.700000
qianmen_aq#40,19.600000,73.700000,51.500000
qianmen_aq#41,27.400000,63.300000,76.100000
qianmen_aq#42,24.800000,61.600000,39.400000
qianmen_aq#43,22.100000,75.100000,66.800000
qianmen_aq#44,25.500000,49.900000,76.800000
qianmen_aq#45,23.100000,65.100000,79.200000
qianmen_aq#46,15.900000,57.600000,68.200000
qianmen_aq#47,46.700000,203.900000,81.400000
shunyi_aq#0,125.126316,219.483333,68.247368
shunyi_aq#1,121.858772,261.936842,66.494737
shunyi_aq#2,70.802339,166.926316,68.663158
shunyi_aq#3,59.257895,113.528070,95.763158
shunyi_aq#4,78.942105,174.894444,101.188889
shunyi_aq#5,29.425000,74.747059,108.875000
shunyi_aq#6,78.625000,168.747059,102.375000
shunyi_aq#7,22.100000,95.900000,104.200000
shunyi_aq#8,41.073684,107.689474,134.778947
shunyi_aq#9,34.373684,87.432794,115.926316
shunyi_aq#10,24.400000,57.892923,107.400000
shunyi_aq#11,30.100000,69.692923,120.800000
shunyi_aq#12,64.100000,172.585714,91.900000
shunyi_aq#13,109.900000,261.900000,96.400000
shunyi_aq#14,109.900000,261.900000,96.400000
shunyi_aq#15,113.100000,253.400000,93.800000
shunyi_aq#16,129.700000,361.500000,81.300000
shunyi_aq#17,107.000000,260.076471,73.100000
shunyi_aq#18,75.400000,179.700000,66.300000
shunyi_aq#19,59.747368,93.031579,64.184211
shunyi_aq#20,100.111111,269.494444,57.966667
shunyi_aq#21,87.011111,275.694444,73.566667
shunyi_aq#22,37.027778,154.327778,74.816667
shunyi_aq#23,25.800000,68.000000,43.700000
shunyi_aq#24,79.700000,195.400000,56.800000
shunyi_aq#25,74.600000,177.300000,69.900000
shunyi_aq#26,77.200000,173.200000,74.300000
shunyi_aq#27,16.000000,68.782979,82.600000
shunyi_aq#28,77.800000,249.600000,99.800000
shunyi_aq#29,96.700000,293.400000,101.400000
shunyi_aq#30,48.300000,132.126316,106.000000
shunyi_aq#31,226.100000,555.016667,98.700000
shunyi_aq#32,226.100000,553.300000,97.800000
shunyi_aq#33,169.000000,410.600000,73.400000
shunyi_aq#34,20.100000,59.155518,112.500000
shunyi_aq#35,25.200000,69.460000,115.400000
shunyi_aq#36,19.600000,63.000000,93.700000
shunyi_aq#37,19.100000,50.100000,85.000000
shunyi_aq#38,31.100000,59.400000,115.100000
shunyi_aq#39,58.000000,155.000000,98.300000
shunyi_aq#40,37.800000,61.600000,76.000000
shunyi_aq#41,54.800000,110.300000,83.800000
shunyi_aq#42,42.200000,75.100000,73.700000
shunyi_aq#43,52.800000,107.000000,79.900000
shunyi_aq#44,59.600000,167.300000,55.900000
shunyi_aq#45,65.827778,158.027778,52.916667
shunyi_aq#46,98.400000,249.600000,73.200000
shunyi_aq#47,14.900000,41.800000,61.500000
tiantan_aq#0,114.900000,201.562281,65.473684
tiantan_aq#1,46.573684,92.189474,80.878947
tiantan_aq#2,16.000000,44.500000,80.900000
tiantan_aq#3,19.600000,55.900000,72.800000
tiantan_aq#4,23.900000,54.400000,106.400000
tiantan_aq#5,31.894444,73.994444,116.177778
tiantan_aq#6,38.083333,92.283333,114.733333
tiantan_aq#7,32.121818,83.060377,117.896364
tiantan_aq#8,31.600000,68.000000,104.400000
tiantan_aq#9,87.157895,147.192564,91.400000
tiantan_aq#10,98.300000,159.075897,96.800000
tiantan_aq#11,31.900000,53.470952,84.200000
tiantan_aq#12,37.500000,79.241176,91.200000
tiantan_aq#13,36.000000,78.800000,77.500000
tiantan_aq#14,79.900000,148.000000,77.000000
tiantan_aq#15,82.600000,149.800000,80.800000
tiantan_aq#16,88.600000,159.500000,74.700000
tiantan_aq#17,94.200000,159.400000,74.200000
tiantan_aq#18,78.900000,170.000000,64.600000
tiantan_aq#19,77.800000,167.900000,63.100000
tiantan_aq#20,105.200000,260.400000,61.200000
tiantan_aq#21,77.500000,232.400000,61.400000
tiantan_aq#22,17.900000,62.800000,35.500000
tiantan_aq#23,80.200000,228.700000,37.700000
tiantan_aq#24,55.100000,128.900000,37.500000
tiantan_aq#25,27.600000,66.300000,69.700000
tiantan_aq#26,90.800000,305.882979,75.400000
tiantan_aq#27,93.000000,410.900000,89.600000
tiantan_aq#28,59.500000,125.011111,97.300000
tiantan_aq#29,40.789474,84.026316,106.200000
tiantan_aq#30,91.000000,244.788235,109.200000
tiantan_aq#31,108.500000,341.900000,123.800000
tiantan_aq#32,226.100000,553.300000,97.800000
tiantan_aq#33,197.300000,622.063158,104.600000
tiantan_aq#34,195.200000,627.990609,108.400000
tiantan_aq#35,123.200000,335.900000,107.700000
tiantan_aq#36,70.900000,152.900000,111.800000
tiantan_aq#37,66.600000,150.900000,94.900000
tiantan_aq#38,20.700000,52.100000,94.000000
tiantan_aq#39,28.900000,49.800000,108.100000
tiantan_aq#40,16.000000,34.400000,77.600000
tiantan_aq#41,23.100000,52.900000,91.000000
tiantan_aq#42,21.300000,42.400000,71.700000
tiantan_aq#43,16.500000,57.500000,70.600000
tiantan_aq#44,19.700000,68.600000,66.200000
tiantan_aq#45,23.300000,63.500000,71.800000
tiantan_aq#46,77.100000,152.200000,68.300000
tiantan_aq#47,47.300000,203.800000,80.400000
tongzhou_aq#0,196.326316,323.083333,68.147368
tongzhou_aq#1,174.100000,283.000000,80.300000
tongzhou_aq#2,108.515789,193.326316,95.105263
tongzhou_aq#3,36.147368,75.600000,99.142105
tongzhou_aq#4,64.442105,126.094444,98.388889
tongzhou_aq#5,37.525000,107.802614,111.275000
tongzhou_aq#6,31.025000,95.202614,103.375000
tongzhou_aq#7,223.510526,584.305263,110.221053
tongzhou_aq#8,40.600000,110.800000,142.300000
tongzhou_aq#9,60.713450,167.055016,103.142105
tongzhou_aq#10,47.800000,170.720027,90.200000
tongzhou_aq#11,103.900000,279.471170,94.700000
tongzhou_aq#12,97.000000,264.972000,91.700000
tongzhou_aq#13,136.600000,330.500000,91.100000
tongzhou_aq#14,136.600000,330.500000,91.100000
tongzhou_aq#15,136.600000,330.500000,91.100000
tongzhou_aq#16,99.300000,318.000000,76.600000
tongzhou_aq#17,101.800000,250.100000,77.100000
tongzhou_aq#18,78.000000,177.400000,62.000000
tongzhou_aq#19,91.100000,209.000000,66.600000
tongzhou_aq#20,106.900000,258.800000,67.500000
tongzhou_aq#21,213.900000,624.600000,75.800000
tongzhou_aq#22,92.100000,245.100000,64.800000
tongzhou_aq#23,72.200000,210.900000,55.800000
tongzhou_aq#24,40.600000,118.100000,38.200000
tongzhou_aq#25,34.300000,91.500000,56.900000
tongzhou_aq#26,34.300000,93.700000,69.900000
tongzhou_aq#27,29.400000,87.682979,76.300000
tongzhou_aq#28,71.000000,261.077423,104.788889
tongzhou_aq#29,64.400000,192.094444,116.188889
tongzhou_aq#30,57.000000,130.500000,109.300000
tongzhou_aq#31,261.500000,635.800000,96.400000
tongzhou_aq#32,117.600000,353.800000,117.600000
tongzhou_aq#33,141.600000,348.700000,103.900000
tongzhou_aq#34,88.400000,241.900000,107.800000
tongzhou_aq#35,72.300000,153.107692,112.800000
tongzhou_aq#36,26.600000,60.300000,107.500000
tongzhou_aq#37,29.400000,75.500000,97.700000
tongzhou_aq#38,27.700000,70.500000,96.100000
tongzhou_aq#39,29.800000,71.300000,104.200000
tongzhou_aq#40,38.000000,150.800000,89.400000
tongzhou_aq#41,51.900000,232.900000,90.000000
tongzhou_aq#42,31.900000,65.400000,76.000000
tongzhou_aq#43,31.600000,82.600000,73.800000
tongzhou_aq#44,27.600000,73.300000,65.400000
tongzhou_aq#45,52.600000,182.240000,83.500000
tongzhou_aq#46,175.100000,443.600000,60.400000
tongzhou_aq#47,46.700000,154.900000,58.800000
wanliu_aq#0,76.293275,164.555418,59.289474
wanliu_aq#1,47.968421,125.589474,62.263158
wanliu_aq#2,23.873684,44.231579,79.642105
wanliu_aq#3,36.115789,88.500000,118.036842
wanliu_aq#4,42.296784,110.412095,94.847368
wanliu_aq#5,44.975731,96.913333,116.026579
wanliu_aq#6,38.675789,75.217251,102.918421
wanliu_aq#7,28.721818,88.260377,132.996364
wanliu_aq#8,74.400000,171.000000,114.300000
wanliu_aq#9,14.900000,49.055518,107.100000
wanliu_aq#10,22.400000,52.063692,117.800000
wanliu_aq#11,28.500000,66.957939,109.300000
wanliu_aq#12,42.600000,148.700000,94.000000
wanliu_aq#13,45.600000,182.500000,87.700000
wanliu_aq#14,46.300000,172.400000,95.100000
wanliu_aq#15,46.300000,172.400000,95.100000
wanliu_aq#16,73.100000,177.500000,64.100000
wanliu_aq#17,113.700000,273.076471,76.000000
wanliu_aq#18,73.100000,168.300000,75.800000
wanliu_aq#19,37.000000,91.886667,65.800000
wanliu_aq#20,70.038889,190.461111,62.500000
wanliu_aq#21,55.538889,158.561111,67.300000
wanliu_aq#22,61.100000,174.500000,34.000000
wanliu_aq#23,37.700000,114.100000,31.800000
wanliu_aq#24,39.000000,120.700000,51.100000
wanliu_aq#25,20.800000,67.700000,71.100000
wanliu_aq#26,197.500000,572.400000,91.400000
wanliu_aq#27,121.500000,422.000000,88.400000
wanliu_aq#28,149.900000,365.200000,92.000000
wanliu_aq#29,121.600000,348.800000,98.200000
wanliu_aq#30,23.400000,82.755556,104.900000
wanliu_aq#31,28.400000,76.600000,119.500000
wanliu_aq#32,236.500000,585.100000,99.900000
wanliu_aq#33,37.200000,132.100000,139.300000
wanliu_aq#34,21.800000,68.900000,134.000000
wanliu_aq#35,46.400000,156.500000,118.400000
wanliu_aq#36,18.300000,64.200000,105.300000
wanliu_aq#37,28.900000,88.300000,91.700000
wanliu_aq#38,18.000000,71.700000,92.000000
wanliu_aq#39,53.900000,164.400000,79.000000
wanliu_aq#40,80.500000,184.500000,82.300000
wanliu_aq#41,22.200000,58.900000,74.700000
wanliu_aq#42,19.200000,45.100000,72.200000
wanliu_aq#43,17.200000,57.200000,59.100000
wanliu_aq#44,16.400000,45.800000,70.100000
wanliu_aq#45,16.300000,39.600000,69.200000
wanliu_aq#46,75.900000,252.000000,73.800000
wanliu_aq#47,89.800000,277.600000,62.200000
wanshouxigong_aq#0,102.173684,196.978947,76.326316
wanshouxigong_aq#1,48.935380,102.042105,78.126316
wanshouxigong_aq#2,17.100000,65.544444,83.300000
wanshouxigong_aq#3,23.100000,72.000000,85.500000
wanshouxigong_aq#4,20.200000,53.100000,106.700000
wanshouxigong_aq#5,30.100000,69.200000,111.400000
wanshouxigong_aq#6,28.300000,69.200000,108.800000
wanshouxigong_aq#7,29.721818,74.260377,115.196364
wanshouxigong_aq#8,30.500000,66.300000,104.200000
wanshouxigong_aq#9,25.300000,51.629194,95.300000
wanshouxigong_aq#10,30.300000,56.918527,98.000000
wanshouxigong_aq#11,31.800000,57.170952,88.700000
wanshouxigong_aq#12,40.100000,81.326891,83.500000
wanshouxigong_aq#13,37.400000,80.100000,78.500000
wanshouxigong_aq#14,81.300000,149.300000,78.000000
wanshouxigong_aq#15,77.600000,177.000000,82.900000
wanshouxigong_aq#16,83.600000,186.700000,76.800000
wanshouxigong_aq#17,89.200000,186.600000,76.300000
wanshouxigong_aq#18,84.800000,192.600000,76.000000
wanshouxigong_aq#19,81.400000,178.000000,69.200000
wanshouxigong_aq#20,110.100000,241.600000,58.600000
wanshouxigong_aq#21,91.911111,246.794444,70.266667
wanshouxigong_aq#22,20.300000,69.500000,30.400000
wanshouxigong_aq#23,79.200000,236.300000,33.900000
wanshouxigong_aq#24,47.300000,124.900000,37.500000
wanshouxigong_aq#25,27.600000,66.300000,69.700000
wanshouxigong_aq#26,90.800000,305.882979,75.400000
wanshouxigong_aq#27,94.300000,395.900000,91.500000
wanshouxigong_aq#28,59.500000,125.011111,97.300000
wanshouxigong_aq#29,40.789474,84.026316,106.200000
wanshouxigong_aq#30,85.900000,238.188235,107.500000
wanshouxigong_aq#31,99.200000,204.800000,106.700000
wanshouxigong_aq#32,226.100000,553.300000,97.800000
wanshouxigong_aq#33,166.300000,526.900000,107.200000
wanshouxigong_aq#34,166.300000,526.900000,107.200000
wanshouxigong_aq#35,122.400000,337.100000,111.300000
wanshouxigong_aq#36,69.900000,156.800000,111.500000
wanshouxigong_aq#37,65.900000,153.800000,91.700000
wanshouxigong_aq#38,19.000000,61.000000,87.200000
wanshouxigong_aq#39,27.200000,70.800000,100.300000
wanshouxigong_aq#40,16.000000,34.400000,77.600000
wanshouxigong_aq#41,24.900000,63.700000,81.500000
wanshouxigong_aq#42,25.000000,48.200000,74.000000
wanshouxigong_aq#43,18.600000,63.600000,69.600000
wanshouxigong_aq#44,23.700000,52.100000,71.900000
wanshouxigong_aq#45,23.300000,63.500000,71.800000
wanshouxigong_aq#46,16.800000,68.400000,73.900000
wanshouxigong_aq#47,48.700000,210.500000,80.900000
xizhimenbei_aq#0,66.139181,137.184211,61.205263
xizhimenbei_aq#1,38.500000,100.205556,65.500000
xizhimenbei_aq#2,14.200000,26.100000,81.400000
xizhimenbei_aq#3,16.300000,54.800000,87.200000
xizhimenbei_aq#4,38.396784,103.912095,90.347368
xizhimenbei_aq#5,37.902047,76.574943,112.653158
xizhimenbei_aq#6,26.200000,65.800000,91.600000
xizhimenbei_aq#7,28.221818,81.404822,128.796364
xizhimenbei_aq#8,72.700000,166.100000,108.600000
xizhimenbei_aq#9,29.300000,58.014286,113.100000
xizhimenbei_aq#10,31.000000,71.952154,119.300000
xizhimenbei_aq#11,26.200000,59.228527,108.600000
xizhimenbei_aq#12,30.000000,62.841176,94.600000
xizhimenbei_aq#13,29.700000,86.755556,73.700000
xizhimenbei_aq#14,29.900000,66.800000,86.800000
xizhimenbei_aq#15,29.400000,66.800000,80.800000
xizhimenbei_aq#16,76.000000,180.355556,59.000000
xizhimenbei_aq#17,80.800000,187.676471,76.600000
xizhimenbei_aq#18,71.800000,164.586667,69.700000
xizhimenbei_aq#19,46.494444,104.027843,64.650000
xizhimenbei_aq#20,66.138889,180.161111,53.700000
xizhimenbei_aq#21,57.738889,164.061111,62.200000
xizhimenbei_aq#22,58.500000,186.400000,40.000000
xizhimenbei_aq#23,31.900000,101.800000,33.000000
xizhimenbei_aq#24,37.400000,125.500000,46.800000
xizhimenbei_aq#25,20.500000,72.100000,77.900000
xizhimenbei_aq#26,192.400000,616.200000,94.000000
xizhimenbei_aq#27,97.300000,383.300000,95.100000
xizhimenbei_aq#28,33.900000,73.862679,93.200000
xizhimenbei_aq#29,25.800000,52.547059,107.500000
xizhimenbei_aq#30,21.800000,79.455556,106.500000
xizhimenbei_aq#31,44.700000,110.873684,125.000000
xizhimenbei_aq#32,235.300000,575.100000,97.500000
xizhimenbei_aq#33,43.400000,92.800000,131.100000
xizhimenbei_aq#34,28.800000,81.200000,136.500000
xizhimenbei_aq#35,45.200000,149.200000,110.900000
xizhimenbei_aq#36,18.600000,51.600000,99.400000
xizhimenbei_aq#37,28.800000,75.000000,90.300000
xizhimenbei_aq#38,21.800000,82.200000,85.200000
xizhimenbei_aq#39,53.000000,175.300000,86.400000
xizhimenbei_aq#40,30.300000,65.300000,48.500000
xizhimenbei_aq#41,23.300000,62.800000,38.900000
xizhimenbei_aq#42,19.200000,59.100000,63.200000
xizhimenbei_aq#43,17.200000,57.200000,59.100000
xizhimenbei_aq#44,18.000000,56.400000,59.100000
xizhimenbei_aq#45,13.700000,35.800000,70.100000
xizhimenbei_aq#46,43.900000,191.500000,79.400000
xizhimenbei_aq#47,98.200000,277.600000,77.500000
yanqin_aq#0,49.677778,122.964706,82.838889
yanqin_aq#1,40.500000,85.800000,76.800000
yanqin_aq#2,42.000000,93.500000,94.500000
yanqin_aq#3,37.100000,129.583333,113.300000
yanqin_aq#4,27.400000,105.638889,123.700000
yanqin_aq#5,36.373684,105.880000,121.973684
yanqin_aq#6,31.094737,83.126000,126.142105
yanqin_aq#7,48.093567,127.229701,144.026316
yanqin_aq#8,41.000000,136.310526,132.300000
yanqin_aq#9,18.000000,46.608182,111.600000
yanqin_aq#10,32.800000,98.369412,106.100000
yanqin_aq#11,43.200000,160.213594,101.200000
yanqin_aq#12,47.000000,177.500000,101.500000
yanqin_aq#13,93.100000,274.522222,98.300000
yanqin_aq#14,88.600000,264.422222,100.000000
yanqin_aq#15,88.400000,259.622222,98.700000
yanqin_aq#16,67.000000,254.100000,112.600000
yanqin_aq#17,73.600000,258.000000,107.000000
yanqin_aq#18,70.400000,258.300000,98.800000
yanqin_aq#19,66.100000,259.500000,84.300000
yanqin_aq#20,130.500000,346.800000,85.400000
yanqin_aq#21,100.800000,379.900000,75.400000
yanqin_aq#22,164.100000,434.300000,67.100000
yanqin_aq#23,39.300000,121.900000,75.500000
yanqin_aq#24,41.800000,135.600000,78.400000
yanqin_aq#25,25.400000,94.500000,86.800000
yanqin_aq#26,19.000000,61.900000,82.400000
yanqin_aq#27,30.626786,87.322917,78.210714
yanqin_aq#28,22.800000,72.266667,111.300000
yanqin_aq#29,61.300000,150.700000,109.200000
yanqin_aq#30,28.100000,91.082353,108.700000
yanqin_aq#31,33.521818,81.960377,132.096364
yanqin_aq#32,131.700000,310.900000,131.300000
yanqin_aq#33,36.200000,128.531579,119.178947
yanqin_aq#34,14.500000,42.800000,99.000000
yanqin_aq#35,72.500000,180.423067,101.000000
yanqin_aq#36,74.500000,158.700000,99.500000
yanqin_aq#37,29.300000,72.700000,92.700000
yanqin_aq#38,31.400000,74.300000,97.600000
yanqin_aq#39,29.800000,70.300000,90.500000
yanqin_aq#40,70.200000,164.400000,80.900000
yanqin_aq#41,71.900000,161.700000,79.200000
yanqin_aq#42,71.900000,172.300000,75.900000
yanqin_aq#43,80.400000,255.400000,75.700000
yanqin_aq#44,85.800000,270.400000,73.600000
yanqin_aq#45,99.800000,327.700000,74.700000
yanqin_aq#46,56.100000,191.300000,81.800000
yanqin_aq#47,190.400000,481.600000,78.500000
yizhuang_aq#0,120.626316,216.683333,71.447368
yizhuang_aq#1,103.800000,177.700000,74.900000
yizhuang_aq#2,40.088012,105.900000,83.631579
yizhuang_aq#3,41.315789,75.900000,119.036842
yizhuang_aq#4,41.142105,92.394444,126.688889
yizhuang_aq#5,50.225000,114.347059,112.575000
yizhuang_aq#6,33.400000,80.600000,114.400000
yizhuang_aq#7,75.700000,168.000000,122.400000
yizhuang_aq#8,41.500000,84.800000,113.000000
yizhuang_aq#9,57.700000,172.700000,99.400000
yizhuang_aq#10,34.652632,96.482838,114.289474
yizhuang_aq#11,24.500000,48.292857,96.400000
yizhuang_aq#12,77.100000,170.585714,94.400000
yizhuang_aq#13,79.500000,146.500000,78.800000
yizhuang_aq#14,79.200000,149.000000,83.300000
yizhuang_aq#15,80.900000,147.800000,79.800000
yizhuang_aq#16,111.800000,267.400000,81.200000
yizhuang_aq#17,129.600000,328.500000,77.900000
yizhuang_aq#18,96.000000,236.900000,73.100000
yizhuang_aq#19,80.300000,171.600000,67.100000
yizhuang_aq#20,80.300000,171.600000,67.100000
yizhuang_aq#21,201.400000,604.100000,67.900000
yizhuang_aq#22,66.227778,240.127778,60.016667
yizhuang_aq#23,41.700000,140.400000,43.600000
yizhuang_aq#24,41.500000,115.900000,37.800000
yizhuang_aq#25,32.900000,83.400000,61.100000
yizhuang_aq#26,30.600000,72.582979,70.800000
yizhuang_aq#27,45.400000,247.182979,89.800000
yizhuang_aq#28,120.500000,410.200000,106.400000
yizhuang_aq#29,123.500000,383.000000,120.300000
yizhuang_aq#30,72.600000,148.736364,106.800000
yizhuang_aq#31,52.400000,101.700000,137.200000
yizhuang_aq#32,41.400000,99.300000,139.400000
yizhuang_aq#33,35.900000,76.500000,129.000000
yizhuang_aq#34,114.500000,265.100000,115.400000
yizhuang_aq#35,26.700000,62.100000,106.300000
yizhuang_aq#36,27.500000,72.000000,108.200000
yizhuang_aq#37,26.700000,58.200000,106.300000
yizhuang_aq#38,30.000000,58.700000,113.900000
yizhuang_aq#39,28.900000,60.100000,113.100000
yizhuang_aq#40,27.200000,65.500000,84.600000
yizhuang_aq#41,23.100000,64.700000,85.900000
yizhuang_aq#42,25.600000,47.500000,67.800000
yizhuang_aq#43,23.000000,46.200000,68.700000
yizhuang_aq#44,28.700000,52.300000,68.600000
yizhuang_aq#45,50.700000,135.300000,76.000000
yizhuang_aq#46,18.000000,69.500000,74.700000
yizhuang_aq#47,45.300000,141.600000,70.500000
yongdingmennei_aq#0,56.900000,127.747368,49.021053
yongdingmennei_aq#1,53.452632,136.384211,64.973684
yongdingmennei_aq#2,22.200000,66.400000,65.200000
yongdingmennei_aq#3,38.315789,85.100000,102.936842
yongdingmennei_aq#4,43.642105,101.794444,125.388889
yongdingmennei_aq#5,44.325000,91.347059,120.875000
yongdingmennei_aq#6,32.925000,81.147059,118.675000
yongdingmennei_aq#7,26.200000,85.000000,128.500000
yongdingmennei_aq#8,32.031579,84.700000,135.805263
yongdingmennei_aq#9,74.857895,156.472222,105.500000
yongdingmennei_aq#10,89.155556,194.482794,106.042105
yongdingmennei_aq#11,41.585965,79.205263,117.431579
yongdingmennei_aq#12,42.408187,102.305263,120.231579
yongdingmennei_aq#13,51.400000,95.155556,79.900000
yongdingmennei_aq#14,110.200000,283.255556,73.800000
yongdingmennei_aq#15,119.300000,274.255556,78.500000
yongdingmennei_aq#16,102.200000,175.600000,74.200000
yongdingmennei_aq#17,61.500000,108.476471,83.900000
yongdingmennei_aq#18,56.322222,106.266667,75.650000
yongdingmennei_aq#19,56.300000,105.300000,83.600000
yongdingmennei_aq#20,71.238889,187.361111,57.800000
yongdingmennei_aq#21,87.911111,246.694444,55.666667
yongdingmennei_aq#22,32.100000,89.200000,23.400000
yongdingmennei_aq#23,45.600000,81.000000,28.600000
yongdingmennei_aq#24,85.700000,186.300000,48.700000
yongdingmennei_aq#25,30.200000,64.800000,71.600000
yongdingmennei_aq#26,152.600000,368.994090,74.200000
yongdingmennei_aq#27,261.900000,408.716667,89.300000
yongdingmennei_aq#28,108.200000,299.816667,100.800000
yongdingmennei_aq#29,279.200000,496.011111,93.000000
yongdingmennei_aq#30,200.200000,539.500000,107.400000
yongdingmennei_aq#31,219.100000,530.900000,80.100000
yongdingmennei_aq#32,278.900000,884.500000,121.800000
yongdingmennei_aq#33,56.500000,202.700000,119.600000
yongdingmennei_aq#34,94.700000,274.900000,133.100000
yongdingmennei_aq#35,27.200000,80.100000,119.100000
yongdingmennei_aq#36,24.000000,71.800000,121.700000
yongdingmennei_aq#37,31.700000,84.100000,119.200000
yongdingmennei_aq#38,34.300000,90.800000,92.000000
yongdingmennei_aq#39,34.057895,94.494737,83.647368
yongdingmennei_aq#40,28.000000,131.900000,57.600000
yongdingmennei_aq#41,23.400000,69.600000,32.000000
yongdingmennei_aq#42,29.800000,67.500000,25.700000
yongdingmennei_aq#43,42.765385,89.459574,29.636538
yongdingmennei_aq#44,62.500000,174.000000,19.100000
yongdingmennei_aq#45,33.000000,89.600000,20.600000
yongdingmennei_aq#46,55.200000,153.300000,35.000000
yongdingmennei_aq#47,69.100000,147.200000,29.100000
yongledian_aq#0,124.415789,221.468421,69.636842
yongledian_aq#1,105.878947,184.065887,84.184211
yongledian_aq#2,65.521053,130.173684,94.447368
yongledian_aq#3,109.784211,209.612865,117.336842
yongledian_aq#4,23.100000,69.500000,98.300000
yongledian_aq#5,19.000000,59.400000,91.300000
yongledian_aq#6,116.600000,339.700000,103.600000
yongledian_aq#7,214.300000,611.700000,112.300000
yongledian_aq#8,48.894737,106.531579,132.489474
yongledian_aq#9,40.094444,72.765000,96.750000
yongledian_aq#10,42.052632,100.571127,102.689474
yongledian_aq#11,85.000000,165.502921,81.800000
yongledian_aq#12,40.700000,78.177778,83.200000
yongledian_aq#13,81.100000,155.277778,77.300000
yongledian_aq#14,73.200000,170.500000,66.400000
yongledian_aq#15,81.900000,183.000000,75.700000
yongledian_aq#16,97.500000,174.135556,77.900000
yongledian_aq#17,43.300000,71.300000,48.400000
yongledian_aq#18,55.100000,85.300000,45.100000
yongledian_aq#19,56.872222,88.072222,49.161111
yongledian_aq#20,88.683333,278.266667,64.427778
yongledian_aq#21,117.238889,380.722222,67.583333
yongledian_aq#22,45.061111,108.516667,39.183333
yongledian_aq#23,25.600000,68.000000,44.700000
yongledian_aq#24,30.400000,92.600000,42.000000
yongledian_aq#25,35.100000,83.800000,63.800000
yongledian_aq#26,70.400000,146.200000,80.100000
yongledian_aq#27,69.400000,200.700000,92.700000
yongledian_aq#28,64.100000,266.400000,103.000000
yongledian_aq#29,57.300000,237.700000,108.000000
yongledian_aq#30,114.100000,366.900000,113.700000
yongledian_aq#31,237.000000,575.800000,100.200000
yongledian_aq#32,233.800000,581.200000,97.500000
yongledian_aq#33,212.700000,627.700000,99.200000
yongledian_aq#34,138.900000,346.900000,103.800000
yongledian_aq#35,69.700000,162.707692,111.400000
yongledian_aq#36,23.400000,52.400000,103.500000
yongledian_aq#37,22.500000,51.800000,92.700000
yongledian_aq#38,25.600000,82.000000,110.500000
yongledian_aq#39,23.000000,57.200000,91.600000
yongledian_aq#40,26.500000,65.900000,87.900000
yongledian_aq#41,29.900000,59.100000,79.600000
yongledian_aq#42,32.100000,76.600000,74.100000
yongledian_aq#43,42.000000,90.500000,92.200000
yongledian_aq#44,66.200000,153.300000,74.400000
yongledian_aq#45,113.800000,360.920000,76.600000
yongledian_aq#46,116.127778,268.227778,69.116667
yongledian_aq#47,93.800000,231.200000,49.000000
yufa_aq#0,48.500000,121.924471,71.700000
yufa_aq#1,30.900000,114.083878,71.500000
yufa_aq#2,93.200000,198.491098,91.000000
yufa_aq#3,20.100000,73.068182,91.600000
yufa_aq#4,33.000000,75.436364,88.500000
yufa_aq#5,77.300000,153.500000,95.800000
yufa_aq#6,58.400000,166.100000,97.700000
yufa_aq#7,174.863158,435.450329,102.110526
yufa_aq#8,43.621053,115.068421,120.936842
yufa_aq#9,34.557895,75.866068,97.500000
yufa_aq#10,28.900000,56.448901,85.000000
yufa_aq#11,28.100000,61.399873,74.700000
yufa_aq#12,41.500000,90.343778,70.800000
yufa_aq#13,81.000000,152.377778,60.300000
yufa_aq#14,117.000000,237.800000,62.800000
yufa_aq#15,140.800000,332.800000,69.200000
yufa_aq#16,120.100000,345.000000,67.800000
yufa_aq#17,111.900000,280.000000,68.400000
yufa_aq#18,98.600000,223.000000,58.400000
yufa_aq#19,104.400000,193.500000,63.400000
yufa_aq#20,108.200000,285.600000,64.000000
yufa_aq#21,170.900000,461.700000,77.800000
yufa_aq#22,155.500000,456.720000,84.700000
yufa_aq#23,21.900000,69.259574,40.500000
yufa_aq#24,178.300000,405.329444,71.600000
yufa_aq#25,177.700000,355.776471,79.400000
yufa_aq#26,245.100000,537.800000,93.900000
yufa_aq#27,173.800000,552.900000,95.200000
yufa_aq#28,132.200000,388.500000,92.700000
yufa_aq#29,28.600000,86.800000,109.700000
yufa_aq#30,59.700000,167.900000,111.500000
yufa_aq#31,39.170000,89.055000,133.780000
yufa_aq#32,105.000000,345.100000,110.300000
yufa_aq#33,18.000000,80.943750,111.900000
yufa_aq#34,18.800000,51.700000,106.200000
yufa_aq#35,19.400000,56.124089,92.900000
yufa_aq#36,32.000000,58.783333,106.900000
yufa_aq#37,37.000000,92.683333,92.400000
yufa_aq#38,30.200000,67.300000,76.000000
yufa_aq#39,65.800000,169.400000,72.600000
yufa_aq#40,68.300000,157.900000,69.100000
yufa_aq#41,86.400000,253.700000,69.900000
yufa_aq#42,83.900000,257.500000,67.900000
yufa_aq#43,70.600000,158.000000,60.100000
yufa_aq#44,68.900000,153.300000,59.900000
yufa_aq#45,52.700000,226.700000,83.600000
yufa_aq#46,59.600000,142.000000,77.800000
yufa_aq#47,39.000000,102.700000,78.900000
yungang_aq#0,83.700000,156.748000,77.500000
yungang_aq#1,86.400000,162.214583,94.300000
yungang_aq#2,76.600000,163.118182,90.300000
yungang_aq#3,21.400000,56.100000,86.300000
yungang_aq#4,20.800000,69.552941,93.700000
yungang_aq#5,24.105000,51.140000,102.620000
yungang_aq#6,58.700000,135.194118,98.700000
yungang_aq#7,33.200000,70.581677,114.100000
yungang_aq#8,23.600000,54.014286,117.700000
yungang_aq#9,23.900000,47.472527,103.200000
yungang_aq#10,28.100000,64.454286,90.900000
yungang_aq#11,43.300000,156.014286,86.800000
yungang_aq#12,88.400000,254.421154,92.000000
yungang_aq#13,92.200000,257.100000,94.100000
yungang_aq#14,92.800000,251.100000,97.500000
yungang_aq#15,101.700000,332.900000,94.900000
yungang_aq#16,45.900000,148.500000,84.100000
yungang_aq#17,46.100000,75.700000,80.000000
yungang_aq#18,41.400000,73.800000,75.600000
yungang_aq#19,40.000000,72.500000,74.600000
yungang_aq#20,38.900000,72.800000,71.900000
yungang_aq#21,29.500000,98.640000,81.600000
yungang_aq#22,169.000000,366.600000,64.500000
yungang_aq#23,87.100000,202.100000,76.400000
yungang_aq#24,75.800000,185.397726,71.800000
yungang_aq#25,93.800000,265.525000,84.500000
yungang_aq#26,89.000000,265.800000,87.100000
yungang_aq#27,64.800000,224.300000,100.900000
yungang_aq#28,147.500000,283.900000,102.300000
yungang_aq#29,76.800000,250.700000,111.700000
yungang_aq#30,24.100000,92.296154,115.000000
yungang_aq#31,15.155556,40.500000,132.100000
yungang_aq#32,83.900000,322.400000,112.800000
yungang_aq#33,151.900000,443.200000,83.300000
yungang_aq#34,89.100000,235.700000,103.700000
yungang_aq#35,42.700000,155.789474,114.000000
yungang_aq#36,21.700000,44.700000,102.400000
yungang_aq#37,52.100000,141.900000,79.400000
yungang_aq#38,18.300000,46.500000,91.700000
yungang_aq#39,15.500000,30.000000,94.200000
yungang_aq#40,17.200000,32.300000,81.400000
yungang_aq#41,11.600000,25.000000,82.200000
yungang_aq#42,9.100000,23.700000,82.000000
yungang_aq#43,11.700000,25.500000,80.100000
yungang_aq#44,12.700000,26.000000,78.400000
yungang_aq#45,13.000000,34.100000,72.100000
yungang_aq#46,40.400000,155.000000,74.700000
yungang_aq#47,48.600000,201.000000,82.700000
zhiwuyuan_aq#0,14.800000,51.296714,74.800000
zhiwuyuan_aq#1,13.300000,53.683878,79.100000
zhiwuyuan_aq#2,15.200000,54.380769,82.000000
zhiwuyuan_aq#3,15.900000,43.652271,95.300000
zhiwuyuan_aq#4,21.900000,119.302167,97.400000
zhiwuyuan_aq#5,26.900000,109.725697,100.000000
zhiwuyuan_aq#6,26.500000,115.825697,101.200000
zhiwuyuan_aq#7,15.300000,84.408203,103.900000
zhiwuyuan_aq#8,14.500000,57.244992,108.600000
zhiwuyuan_aq#9,15.100000,51.553166,108.500000
zhiwuyuan_aq#10,25.600000,57.959437,112.600000
zhiwuyuan_aq#11,30.700000,64.728527,109.700000
zhiwuyuan_aq#12,44.500000,153.500000,93.400000
zhiwuyuan_aq#13,41.300000,157.300000,103.900000
zhiwuyuan_aq#14,111.900000,248.000000,97.600000
zhiwuyuan_aq#15,45.500000,174.600000,84.100000
zhiwuyuan_aq#16,122.800000,396.700000,88.300000
zhiwuyuan_aq#17,119.900000,315.700000,77.600000
zhiwuyuan_aq#18,85.200000,254.400000,86.900000
zhiwuyuan_aq#19,83.000000,261.100000,78.500000
zhiwuyuan_aq#20,83.000000,261.100000,78.500000
zhiwuyuan_aq#21,74.800000,228.500000,82.300000
zhiwuyuan_aq#22,101.500000,234.900000,80.100000
zhiwuyuan_aq#23,13.100000,42.300000,76.400000
zhiwuyuan_aq#24,99.500000,260.555172,82.800000
zhiwuyuan_aq#25,34.700000,155.360714,87.200000
zhiwuyuan_aq#26,66.100000,247.200000,93.100000
zhiwuyuan_aq#27,82.900000,221.000000,95.700000
zhiwuyuan_aq#28,25.900000,47.456818,109.300000
zhiwuyuan_aq#29,16.700000,65.809302,121.500000
zhiwuyuan_aq#30,21.500000,128.010207,109.300000
zhiwuyuan_aq#31,16.500000,370.496154,114.200000
zhiwuyuan_aq#32,15.900000,142.396154,112.700000
zhiwuyuan_aq#33,15.300000,136.096154,112.700000
zhiwuyuan_aq#34,15.000000,157.200000,111.600000
zhiwuyuan_aq#35,43.000000,157.137300,115.100000
zhiwuyuan_aq#36,25.700000,55.700000,107.000000
zhiwuyuan_aq#37,24.000000,45.900000,88.700000
zhiwuyuan_aq#38,23.200000,47.600000,101.500000
zhiwuyuan_aq#39,50.200000,134.900000,94.700000
zhiwuyuan_aq#40,33.800000,92.300000,94.600000
zhiwuyuan_aq#41,19.800000,55.900000,85.700000
zhiwuyuan_aq#42,13.500000,28.900000,82.300000
zhiwuyuan_aq#43,13.100000,36.000000,81.300000
zhiwuyuan_aq#44,15.100000,39.700000,81.700000
zhiwuyuan_aq#45,22.900000,71.100000,83.500000
zhiwuyuan_aq#46,42.900000,176.600000,81.800000
zhiwuyuan_aq#47,27.300000,151.400000,84.300000
